2026-08-26 14:21:55 [INFO] ============================================================
2026-08-26 14:21:55 [INFO] SISTEMA DE VIGILÂNCIA RTSP 24/7 INICIADO
2026-08-26 14:21:55 [INFO] ============================================================
2026-08-26 14:21:55 [INFO] [CaptureThread] Iniciada.
2026-08-26 14:21:55 [INFO] [YOLOThread] Iniciada.
2026-08-26 14:21:55 [INFO] [YOLO] Carregando modelo: yolo11s.pt em CPU
2026-08-26 14:21:55 [INFO] [RecordThread] Iniciada.
2026-08-26 14:21:55 [INFO] [YOLO] Carregamento concluído.
2026-08-26 14:22:05 [INFO] 
[Métricas] RTSP: OFF | Câmera FPS: 25.0 | RAM: 293.34 MB | CPU
           Filas -> Cap: 0/200 (Drops: 0) | YOLO: 0/5 (Drops: 0)
           Estado: IDLE (Detecções ativas: 0)
           Restarts: Cap(0), YOLO(0), Rec(0)
2026-08-26 14:22:15 [INFO] 
[Métricas] RTSP: OFF | Câmera FPS: 25.0 | RAM: 293.34 MB | CPU
           Filas -> Cap: 0/200 (Drops: 0) | YOLO: 0/5 (Drops: 0)
           Estado: IDLE (Detecções ativas: 0)
           Restarts: Cap(0), YOLO(0), Rec(0)
2026-08-26 14:22:25 [INFO] 
[Métricas] RTSP: OFF | Câmera FPS: 25.0 | RAM: 293.35 MB | CPU
           Filas -> Cap: 0/200 (Drops: 0) | YOLO: 0/5 (Drops: 0)
           Estado: IDLE (Detecções ativas: 0)
           Restarts: Cap(0), YOLO(0), Rec(0)
2026-08-26 14:22:35 [INFO] 
[Métricas] RTSP: OFF | Câmera FPS: 25.0 | RAM: 293.60 MB | CPU
           Filas -> Cap: 0/200 (Drops: 0) | YOLO: 0/5 (Drops: 0)
           Estado: IDLE (Detecções ativas: 0)
           Restarts: Cap(0), YOLO(0), Rec(0)
2026-08-26 14:22:45 [INFO] 
[Métricas] RTSP: OFF | Câmera FPS: 25.0 | RAM: 293.55 MB | CPU
           Filas -> Cap: 0/200 (Drops: 0) | YOLO: 0/5 (Drops: 0)
           Estado: IDLE (Detecções ativas: 0)
           Restarts: Cap(0), YOLO(0), Rec(0)
2026-08-26 14:22:55 [INFO] 
[Métricas] RTSP: OFF | Câmera FPS: 25.0 | RAM: 293.55 MB | CPU
           Filas -> Cap: 0/200 (Drops: 0) | YOLO: 0/5 (Drops: 0)
           Estado: IDLE (Detecções ativas: 0)
           Restarts: Cap(0), YOLO(0), Rec(0)
2026-08-26 14:23:05 [INFO] 
[Métricas] RTSP: OFF | Câmera FPS: 25.0 | RAM: 293.55 MB | CPU
           Filas -> Cap: 0/200 (Drops: 0) | YOLO: 0/5 (Drops: 0)
           Estado: IDLE (Detecções ativas: 0)
           Restarts: Cap(0), YOLO(0), Rec(0)
2026-08-26 14:23:15 [INFO] 
[Métricas] RTSP: OFF | Câmera FPS: 25.0 | RAM: 293.55 MB | CPU
           Filas -> Cap: 0/200 (Drops: 0) | YOLO: 0/5 (Drops: 0)
           Estado: IDLE (Detecções ativas: 0)
           Restarts: Cap(0), YOLO(0), Rec(0)
2026-08-26 14:23:25 [INFO] 
[Métricas] RTSP: OFF | Câmera FPS: 25.0 | RAM: 293.55 MB | CPU
           Filas -> Cap: 0/200 (Drops: 0) | YOLO: 0/5 (Drops: 0)
           Estado: IDLE (Detecções ativas: 0)
           Restarts: Cap(0), YOLO(0), Rec(0)
2026-08-26 14:23:35 [INFO] 
[Métricas] RTSP: OFF | Câmera FPS: 25.0 | RAM: 293.55 MB | CPU
           Filas -> Cap: 0/200 (Drops: 0) | YOLO: 0/5 (Drops: 0)
           Estado: IDLE (Detecções ativas: 0)
           Restarts: Cap(0), YOLO(0), Rec(0)
2026-08-26 14:23:45 [INFO] 
[Métricas] RTSP: OFF | Câmera FPS: 25.0 | RAM: 293.55 MB | CPU
           Filas -> Cap: 0/200 (Drops: 0) | YOLO: 0/5 (Drops: 0)
           Estado: IDLE (Detecções ativas: 0)
           Restarts: Cap(0), YOLO(0), Rec(0)
2026-08-26 14:23:55 [INFO] 
[Métricas] RTSP: OFF | Câmera FPS: 25.0 | RAM: 293.55 MB | CPU
           Filas -> Cap: 0/200 (Drops: 0) | YOLO: 0/5 (Drops: 0)
           Estado: IDLE (Detecções ativas: 0)
           Restarts: Cap(0), YOLO(0), Rec(0)
2026-08-26 14:24:05 [INFO] 
[Métricas] RTSP: OFF | Câmera FPS: 25.0 | RAM: 293.52 MB | CPU
           Filas -> Cap: 0/200 (Drops: 0) | YOLO: 0/5 (Drops: 0)
           Estado: IDLE (Detecções ativas: 0)
           Restarts: Cap(0), YOLO(0), Rec(0)
2026-08-26 14:24:15 [INFO] 
[Métricas] RTSP: OFF | Câmera FPS: 25.0 | RAM: 293.52 MB | CPU
           Filas -> Cap: 0/200 (Drops: 0) | YOLO: 0/5 (Drops: 0)
           Estado: IDLE (Detecções ativas: 0)
           Restarts: Cap(0), YOLO(0), Rec(0)
2026-08-26 14:24:25 [INFO] 
[Métricas] RTSP: OFF | Câmera FPS: 25.0 | RAM: 293.52 MB | CPU
           Filas -> Cap: 0/200 (Drops: 0) | YOLO: 0/5 (Drops: 0)
           Estado: IDLE (Detecções ativas: 0)
           Restarts: Cap(0), YOLO(0), Rec(0)
2026-08-26 14:24:35 [INFO] 
[Métricas] RTSP: OFF | Câmera FPS: 25.0 | RAM: 293.52 MB | CPU
           Filas -> Cap: 0/200 (Drops: 0) | YOLO: 0/5 (Drops: 0)
           Estado: IDLE (Detecções ativas: 0)
           Restarts: Cap(0), YOLO(0), Rec(0)
2026-08-26 14:24:45 [INFO] 
[Métricas] RTSP: OFF | Câmera FPS: 25.0 | RAM: 293.52 MB | CPU
           Filas -> Cap: 0/200 (Drops: 0) | YOLO: 0/5 (Drops: 0)
           Estado: IDLE (Detecções ativas: 0)
           Restarts: Cap(0), YOLO(0), Rec(0)
2026-08-26 14:24:55 [INFO] 
[Métricas] RTSP: OFF | Câmera FPS: 25.0 | RAM: 293.52 MB | CPU
           Filas -> Cap: 0/200 (Drops: 0) | YOLO: 0/5 (Drops: 0)
           Estado: IDLE (Detecções ativas: 0)
           Restarts: Cap(0), YOLO(0), Rec(0)
2026-08-26 14:25:05 [INFO] 
[Métricas] RTSP: OFF | Câmera FPS: 25.0 | RAM: 293.52 MB | CPU
           Filas -> Cap: 0/200 (Drops: 0) | YOLO: 0/5 (Drops: 0)
           Estado: IDLE (Detecções ativas: 0)
           Restarts: Cap(0), YOLO(0), Rec(0)
2026-08-26 14:25:15 [INFO] 
[Métricas] RTSP: OFF | Câmera FPS: 25.0 | RAM: 293.52 MB | CPU
           Filas -> Cap: 0/200 (Drops: 0) | YOLO: 0/5 (Drops: 0)
           Estado: IDLE (Detecções ativas: 0)
           Restarts: Cap(0), YOLO(0), Rec(0)
2026-08-26 14:25:25 [INFO] 
[Métricas] RTSP: OFF | Câmera FPS: 25.0 | RAM: 293.52 MB | CPU
           Filas -> Cap: 0/200 (Drops: 0) | YOLO: 0/5 (Drops: 0)
           Estado: IDLE (Detecções ativas: 0)
           Restarts: Cap(0), YOLO(0), Rec(0)
2026-08-26 14:25:35 [INFO] 
[Métricas] RTSP: OFF | Câmera FPS: 25.0 | RAM: 293.52 MB | CPU
           Filas -> Cap: 0/200 (Drops: 0) | YOLO: 0/5 (Drops: 0)
           Estado: IDLE (Detecções ativas: 0)
           Restarts: Cap(0), YOLO(0), Rec(0)
2026-08-26 14:25:45 [INFO] 
[Métricas] RTSP: OFF | Câmera FPS: 25.0 | RAM: 293.52 MB | CPU
           Filas -> Cap: 0/200 (Drops: 0) | YOLO: 0/5 (Drops: 0)
           Estado: IDLE (Detecções ativas: 0)
           Restarts: Cap(0), YOLO(0), Rec(0)
2026-08-26 14:25:55 [INFO] 
[Métricas] RTSP: OFF | Câmera FPS: 25.0 | RAM: 293.52 MB | CPU
           Filas -> Cap: 0/200 (Drops: 0) | YOLO: 0/5 (Drops: 0)
           Estado: IDLE (Detecções ativas: 0)
           Restarts: Cap(0), YOLO(0), Rec(0)
2026-08-26 14:26:05 [INFO] 
[Métricas] RTSP: OFF | Câmera FPS: 25.0 | RAM: 293.52 MB | CPU
           Filas -> Cap: 0/200 (Drops: 0) | YOLO: 0/5 (Drops: 0)
           Estado: IDLE (Detecções ativas: 0)
           Restarts: Cap(0), YOLO(0), Rec(0)
2026-08-26 14:26:15 [INFO] 
[Métricas] RTSP: OFF | Câmera FPS: 25.0 | RAM: 293.52 MB | CPU
           Filas -> Cap: 0/200 (Drops: 0) | YOLO: 0/5 (Drops: 0)
           Estado: IDLE (Detecções ativas: 0)
           Restarts: Cap(0), YOLO(0), Rec(0)
2026-08-26 14:26:25 [INFO] 
[Métricas] RTSP: OFF | Câmera FPS: 25.0 | RAM: 293.52 MB | CPU
           Filas -> Cap: 0/200 (Drops: 0) | YOLO: 0/5 (Drops: 0)
           Estado: IDLE (Detecções ativas: 0)
           Restarts: Cap(0), YOLO(0), Rec(0)
2026-08-26 14:26:35 [INFO] 
[Métricas] RTSP: OFF | Câmera FPS: 25.0 | RAM: 293.52 MB | CPU
           Filas -> Cap: 0/200 (Drops: 0) | YOLO: 0/5 (Drops: 0)
           Estado: IDLE (Detecções ativas: 0)
           Restarts: Cap(0), YOLO(0), Rec(0)
2026-08-26 14:26:45 [INFO] 
[Métricas] RTSP: OFF | Câmera FPS: 25.0 | RAM: 293.58 MB | CPU
           Filas -> Cap: 0/200 (Drops: 0) | YOLO: 0/5 (Drops: 0)
           Estado: IDLE (Detecções ativas: 0)
           Restarts: Cap(0), YOLO(0), Rec(0)
2026-08-26 14:26:55 [INFO] 
[Métricas] RTSP: OFF | Câmera FPS: 25.0 | RAM: 293.58 MB | CPU
           Filas -> Cap: 0/200 (Drops: 0) | YOLO: 0/5 (Drops: 0)
           Estado: IDLE (Detecções ativas: 0)
           Restarts: Cap(0), YOLO(0), Rec(0)
2026-08-26 14:27:05 [INFO] 
[Métricas] RTSP: OFF | Câmera FPS: 25.0 | RAM: 293.58 MB | CPU
           Filas -> Cap: 0/200 (Drops: 0) | YOLO: 0/5 (Drops: 0)
           Estado: IDLE (Detecções ativas: 0)
           Restarts: Cap(0), YOLO(0), Rec(0)
2026-08-26 14:27:15 [INFO] 
[Métricas] RTSP: OFF | Câmera FPS: 25.0 | RAM: 293.58 MB | CPU
           Filas -> Cap: 0/200 (Drops: 0) | YOLO: 0/5 (Drops: 0)
           Estado: IDLE (Detecções ativas: 0)
           Restarts: Cap(0), YOLO(0), Rec(0)
2026-08-26 14:27:25 [INFO] 
[Métricas] RTSP: OFF | Câmera FPS: 25.0 | RAM: 293.58 MB | CPU
           Filas -> Cap: 0/200 (Drops: 0) | YOLO: 0/5 (Drops: 0)
           Estado: IDLE (Detecções ativas: 0)
           Restarts: Cap(0), YOLO(0), Rec(0)
2026-08-26 14:27:35 [INFO] 
[Métricas] RTSP: OFF | Câmera FPS: 25.0 | RAM: 293.58 MB | CPU
           Filas -> Cap: 0/200 (Drops: 0) | YOLO: 0/5 (Drops: 0)
           Estado: IDLE (Detecções ativas: 0)
           Restarts: Cap(0), YOLO(0), Rec(0)
2026-08-26 14:27:45 [INFO] 
[Métricas] RTSP: OFF | Câmera FPS: 25.0 | RAM: 293.58 MB | CPU
           Filas -> Cap: 0/200 (Drops: 0) | YOLO: 0/5 (Drops: 0)
           Estado: IDLE (Detecções ativas: 0)
           Restarts: Cap(0), YOLO(0), Rec(0)
2026-08-26 14:27:55 [INFO] 
[Métricas] RTSP: OFF | Câmera FPS: 25.0 | RAM: 293.58 MB | CPU
           Filas -> Cap: 0/200 (Drops: 0) | YOLO: 0/5 (Drops: 0)
           Estado: IDLE (Detecções ativas: 0)
           Restarts: Cap(0), YOLO(0), Rec(0)
2026-08-26 14:28:05 [INFO] 
[Métricas] RTSP: OFF | Câmera FPS: 25.0 | RAM: 293.58 MB | CPU
           Filas -> Cap: 0/200 (Drops: 0) | YOLO: 0/5 (Drops: 0)
           Estado: IDLE (Detecções ativas: 0)
           Restarts: Cap(0), YOLO(0), Rec(0)
2026-08-26 14:28:15 [INFO] 
[Métricas] RTSP: OFF | Câmera FPS: 25.0 | RAM: 293.58 MB | CPU
           Filas -> Cap: 0/200 (Drops: 0) | YOLO: 0/5 (Drops: 0)
           Estado: IDLE (Detecções ativas: 0)
           Restarts: Cap(0), YOLO(0), Rec(0)
2026-08-26 14:28:25 [INFO] 
[Métricas] RTSP: OFF | Câmera FPS: 25.0 | RAM: 293.58 MB | CPU
           Filas -> Cap: 0/200 (Drops: 0) | YOLO: 0/5 (Drops: 0)
           Estado: IDLE (Detecções ativas: 0)
           Restarts: Cap(0), YOLO(0), Rec(0)
2026-08-26 14:28:35 [INFO] 
[Métricas] RTSP: OFF | Câmera FPS: 25.0 | RAM: 293.60 MB | CPU
           Filas -> Cap: 0/200 (Drops: 0) | YOLO: 0/5 (Drops: 0)
           Estado: IDLE (Detecções ativas: 0)
           Restarts: Cap(0), YOLO(0), Rec(0)
2026-08-26 14:28:45 [INFO] 
[Métricas] RTSP: OFF | Câmera FPS: 25.0 | RAM: 293.60 MB | CPU
           Filas -> Cap: 0/200 (Drops: 0) | YOLO: 0/5 (Drops: 0)
           Estado: IDLE (Detecções ativas: 0)
           Restarts: Cap(0), YOLO(0), Rec(0)
2026-08-26 14:28:55 [INFO] 
[Métricas] RTSP: OFF | Câmera FPS: 25.0 | RAM: 293.60 MB | CPU
           Filas -> Cap: 0/200 (Drops: 0) | YOLO: 0/5 (Drops: 0)
           Estado: IDLE (Detecções ativas: 0)
           Restarts: Cap(0), YOLO(0), Rec(0)
2026-08-26 14:29:05 [INFO] 
[Métricas] RTSP: OFF | Câmera FPS: 25.0 | RAM: 293.60 MB | CPU
           Filas -> Cap: 0/200 (Drops: 0) | YOLO: 0/5 (Drops: 0)
           Estado: IDLE (Detecções ativas: 0)
           Restarts: Cap(0), YOLO(0), Rec(0)
2026-08-26 14:29:15 [INFO] 
[Métricas] RTSP: OFF | Câmera FPS: 25.0 | RAM: 293.60 MB | CPU
           Filas -> Cap: 0/200 (Drops: 0) | YOLO: 0/5 (Drops: 0)
           Estado: IDLE (Detecções ativas: 0)
           Restarts: Cap(0), YOLO(0), Rec(0)
2026-08-26 14:29:26 [INFO] 
[Métricas] RTSP: OFF | Câmera FPS: 25.0 | RAM: 293.60 MB | CPU
           Filas -> Cap: 0/200 (Drops: 0) | YOLO: 0/5 (Drops: 0)
           Estado: IDLE (Detecções ativas: 0)
           Restarts: Cap(0), YOLO(0), Rec(0)
2026-08-26 14:29:36 [INFO] 
[Métricas] RTSP: OFF | Câmera FPS: 25.0 | RAM: 293.60 MB | CPU
           Filas -> Cap: 0/200 (Drops: 0) | YOLO: 0/5 (Drops: 0)
           Estado: IDLE (Detecções ativas: 0)
           Restarts: Cap(0), YOLO(0), Rec(0)
2026-08-26 14:29:46 [INFO] 
[Métricas] RTSP: OFF | Câmera FPS: 25.0 | RAM: 293.60 MB | CPU
           Filas -> Cap: 0/200 (Drops: 0) | YOLO: 0/5 (Drops: 0)
           Estado: IDLE (Detecções ativas: 0)
           Restarts: Cap(0), YOLO(0), Rec(0)
2026-08-26 14:29:56 [INFO] 
[Métricas] RTSP: OFF | Câmera FPS: 25.0 | RAM: 293.60 MB | CPU
           Filas -> Cap: 0/200 (Drops: 0) | YOLO: 0/5 (Drops: 0)
           Estado: IDLE (Detecções ativas: 0)
           Restarts: Cap(0), YOLO(0), Rec(0)
2026-08-26 14:30:06 [INFO] 
[Métricas] RTSP: OFF | Câmera FPS: 25.0 | RAM: 293.60 MB | CPU
           Filas -> Cap: 0/200 (Drops: 0) | YOLO: 0/5 (Drops: 0)
           Estado: IDLE (Detecções ativas: 0)
           Restarts: Cap(0), YOLO(0), Rec(0)
2026-08-26 14:30:16 [INFO] 
[Métricas] RTSP: OFF | Câmera FPS: 25.0 | RAM: 293.60 MB | CPU
           Filas -> Cap: 0/200 (Drops: 0) | YOLO: 0/5 (Drops: 0)
           Estado: IDLE (Detecções ativas: 0)
           Restarts: Cap(0), YOLO(0), Rec(0)
2026-08-26 14:30:26 [INFO] 
[Métricas] RTSP: OFF | Câmera FPS: 25.0 | RAM: 293.60 MB | CPU
           Filas -> Cap: 0/200 (Drops: 0) | YOLO: 0/5 (Drops: 0)
           Estado: IDLE (Detecções ativas: 0)
           Restarts: Cap(0), YOLO(0), Rec(0)
2026-08-26 14:30:36 [INFO] 
[Métricas] RTSP: OFF | Câmera FPS: 25.0 | RAM: 293.60 MB | CPU
           Filas -> Cap: 0/200 (Drops: 0) | YOLO: 0/5 (Drops: 0)
           Estado: IDLE (Detecções ativas: 0)
           Restarts: Cap(0), YOLO(0), Rec(0)
2026-08-26 14:30:46 [INFO] 
[Métricas] RTSP: OFF | Câmera FPS: 25.0 | RAM: 293.60 MB | CPU
           Filas -> Cap: 0/200 (Drops: 0) | YOLO: 0/5 (Drops: 0)
           Estado: IDLE (Detecções ativas: 0)
           Restarts: Cap(0), YOLO(0), Rec(0)
2026-08-26 14:30:56 [INFO] 
[Métricas] RTSP: OFF | Câmera FPS: 25.0 | RAM: 293.60 MB | CPU
           Filas -> Cap: 0/200 (Drops: 0) | YOLO: 0/5 (Drops: 0)
           Estado: IDLE (Detecções ativas: 0)
           Restarts: Cap(0), YOLO(0), Rec(0)
2026-08-26 14:31:06 [INFO] 
[Métricas] RTSP: OFF | Câmera FPS: 25.0 | RAM: 293.60 MB | CPU
           Filas -> Cap: 0/200 (Drops: 0) | YOLO: 0/5 (Drops: 0)
           Estado: IDLE (Detecções ativas: 0)
           Restarts: Cap(0), YOLO(0), Rec(0)
2026-08-26 14:31:16 [INFO] 
[Métricas] RTSP: OFF | Câmera FPS: 25.0 | RAM: 293.60 MB | CPU
           Filas -> Cap: 0/200 (Drops: 0) | YOLO: 0/5 (Drops: 0)
           Estado: IDLE (Detecções ativas: 0)
           Restarts: Cap(0), YOLO(0), Rec(0)
2026-08-26 14:31:26 [INFO] 
[Métricas] RTSP: OFF | Câmera FPS: 25.0 | RAM: 293.60 MB | CPU
           Filas -> Cap: 0/200 (Drops: 0) | YOLO: 0/5 (Drops: 0)
           Estado: IDLE (Detecções ativas: 0)
           Restarts: Cap(0), YOLO(0), Rec(0)
2026-08-26 14:31:36 [INFO] 
[Métricas] RTSP: OFF | Câmera FPS: 25.0 | RAM: 293.60 MB | CPU
           Filas -> Cap: 0/200 (Drops: 0) | YOLO: 0/5 (Drops: 0)
           Estado: IDLE (Detecções ativas: 0)
           Restarts: Cap(0), YOLO(0), Rec(0)
2026-08-26 14:31:46 [INFO] 
[Métricas] RTSP: OFF | Câmera FPS: 25.0 | RAM: 293.63 MB | CPU
           Filas -> Cap: 0/200 (Drops: 0) | YOLO: 0/5 (Drops: 0)
           Estado: IDLE (Detecções ativas: 0)
           Restarts: Cap(0), YOLO(0), Rec(0)
2026-08-26 14:31:56 [INFO] 
[Métricas] RTSP: OFF | Câmera FPS: 25.0 | RAM: 293.63 MB | CPU
           Filas -> Cap: 0/200 (Drops: 0) | YOLO: 0/5 (Drops: 0)
           Estado: IDLE (Detecções ativas: 0)
           Restarts: Cap(0), YOLO(0), Rec(0)
2026-08-26 14:32:06 [INFO] 
[Métricas] RTSP: OFF | Câmera FPS: 25.0 | RAM: 293.63 MB | CPU
           Filas -> Cap: 0/200 (Drops: 0) | YOLO: 0/5 (Drops: 0)
           Estado: IDLE (Detecções ativas: 0)
           Restarts: Cap(0), YOLO(0), Rec(0)
2026-08-26 14:32:16 [INFO] 
[Métricas] RTSP: OFF | Câmera FPS: 25.0 | RAM: 293.63 MB | CPU
           Filas -> Cap: 0/200 (Drops: 0) | YOLO: 0/5 (Drops: 0)
           Estado: IDLE (Detecções ativas: 0)
           Restarts: Cap(0), YOLO(0), Rec(0)
2026-08-26 14:32:26 [INFO] 
[Métricas] RTSP: OFF | Câmera FPS: 25.0 | RAM: 293.63 MB | CPU
           Filas -> Cap: 0/200 (Drops: 0) | YOLO: 0/5 (Drops: 0)
           Estado: IDLE (Detecções ativas: 0)
           Restarts: Cap(0), YOLO(0), Rec(0)
2026-08-26 14:32:36 [INFO] 
[Métricas] RTSP: OFF | Câmera FPS: 25.0 | RAM: 293.63 MB | CPU
           Filas -> Cap: 0/200 (Drops: 0) | YOLO: 0/5 (Drops: 0)
           Estado: IDLE (Detecções ativas: 0)
           Restarts: Cap(0), YOLO(0), Rec(0)
2026-08-26 14:32:46 [INFO] 
[Métricas] RTSP: OFF | Câmera FPS: 25.0 | RAM: 293.63 MB | CPU
           Filas -> Cap: 0/200 (Drops: 0) | YOLO: 0/5 (Drops: 0)
           Estado: IDLE (Detecções ativas: 0)
           Restarts: Cap(0), YOLO(0), Rec(0)
2026-08-26 14:32:56 [INFO] 
[Métricas] RTSP: OFF | Câmera FPS: 25.0 | RAM: 293.60 MB | CPU
           Filas -> Cap: 0/200 (Drops: 0) | YOLO: 0/5 (Drops: 0)
           Estado: IDLE (Detecções ativas: 0)
           Restarts: Cap(0), YOLO(0), Rec(0)
2026-08-26 14:33:06 [INFO] 
[Métricas] RTSP: OFF | Câmera FPS: 25.0 | RAM: 293.60 MB | CPU
           Filas -> Cap: 0/200 (Drops: 0) | YOLO: 0/5 (Drops: 0)
           Estado: IDLE (Detecções ativas: 0)
           Restarts: Cap(0), YOLO(0), Rec(0)
2026-08-26 14:33:16 [INFO] 
[Métricas] RTSP: OFF | Câmera FPS: 25.0 | RAM: 293.60 MB | CPU
           Filas -> Cap: 0/200 (Drops: 0) | YOLO: 0/5 (Drops: 0)
           Estado: IDLE (Detecções ativas: 0)
           Restarts: Cap(0), YOLO(0), Rec(0)
2026-08-26 14:33:26 [INFO] 
[Métricas] RTSP: OFF | Câmera FPS: 25.0 | RAM: 293.60 MB | CPU
           Filas -> Cap: 0/200 (Drops: 0) | YOLO: 0/5 (Drops: 0)
           Estado: IDLE (Detecções ativas: 0)
           Restarts: Cap(0), YOLO(0), Rec(0)
2026-08-26 14:33:36 [INFO] 
[Métricas] RTSP: OFF | Câmera FPS: 25.0 | RAM: 293.60 MB | CPU
           Filas -> Cap: 0/200 (Drops: 0) | YOLO: 0/5 (Drops: 0)
           Estado: IDLE (Detecções ativas: 0)
           Restarts: Cap(0), YOLO(0), Rec(0)
2026-08-26 14:33:46 [INFO] 
[Métricas] RTSP: OFF | Câmera FPS: 25.0 | RAM: 293.60 MB | CPU
           Filas -> Cap: 0/200 (Drops: 0) | YOLO: 0/5 (Drops: 0)
           Estado: IDLE (Detecções ativas: 0)
           Restarts: Cap(0), YOLO(0), Rec(0)
2026-08-26 14:33:56 [INFO] 
[Métricas] RTSP: OFF | Câmera FPS: 25.0 | RAM: 293.60 MB | CPU
           Filas -> Cap: 0/200 (Drops: 0) | YOLO: 0/5 (Drops: 0)
           Estado: IDLE (Detecções ativas: 0)
           Restarts: Cap(0), YOLO(0), Rec(0)
2026-08-26 14:34:06 [INFO] 
[Métricas] RTSP: OFF | Câmera FPS: 25.0 | RAM: 293.60 MB | CPU
           Filas -> Cap: 0/200 (Drops: 0) | YOLO: 0/5 (Drops: 0)
           Estado: IDLE (Detecções ativas: 0)
           Restarts: Cap(0), YOLO(0), Rec(0)
2026-08-26 14:34:16 [INFO] 
[Métricas] RTSP: OFF | Câmera FPS: 25.0 | RAM: 293.60 MB | CPU
           Filas -> Cap: 0/200 (Drops: 0) | YOLO: 0/5 (Drops: 0)
           Estado: IDLE (Detecções ativas: 0)
           Restarts: Cap(0), YOLO(0), Rec(0)
2026-08-26 14:34:26 [INFO] 
[Métricas] RTSP: OFF | Câmera FPS: 25.0 | RAM: 293.60 MB | CPU
           Filas -> Cap: 0/200 (Drops: 0) | YOLO: 0/5 (Drops: 0)
           Estado: IDLE (Detecções ativas: 0)
           Restarts: Cap(0), YOLO(0), Rec(0)
2026-08-26 14:34:36 [INFO] 
[Métricas] RTSP: OFF | Câmera FPS: 25.0 | RAM: 293.60 MB | CPU
           Filas -> Cap: 0/200 (Drops: 0) | YOLO: 0/5 (Drops: 0)
           Estado: IDLE (Detecções ativas: 0)
           Restarts: Cap(0), YOLO(0), Rec(0)
2026-08-26 14:34:46 [INFO] 
[Métricas] RTSP: OFF | Câmera FPS: 25.0 | RAM: 293.60 MB | CPU
           Filas -> Cap: 0/200 (Drops: 0) | YOLO: 0/5 (Drops: 0)
           Estado: IDLE (Detecções ativas: 0)
           Restarts: Cap(0), YOLO(0), Rec(0)
2026-08-26 14:34:56 [INFO] 
[Métricas] RTSP: OFF | Câmera FPS: 25.0 | RAM: 293.60 MB | CPU
           Filas -> Cap: 0/200 (Drops: 0) | YOLO: 0/5 (Drops: 0)
           Estado: IDLE (Detecções ativas: 0)
           Restarts: Cap(0), YOLO(0), Rec(0)
2026-08-26 14:35:06 [INFO] 
[Métricas] RTSP: OFF | Câmera FPS: 25.0 | RAM: 293.60 MB | CPU
           Filas -> Cap: 0/200 (Drops: 0) | YOLO: 0/5 (Drops: 0)
           Estado: IDLE (Detecções ativas: 0)
           Restarts: Cap(0), YOLO(0), Rec(0)
2026-08-26 14:35:16 [INFO] 
[Métricas] RTSP: OFF | Câmera FPS: 25.0 | RAM: 293.60 MB | CPU
           Filas -> Cap: 0/200 (Drops: 0) | YOLO: 0/5 (Drops: 0)
           Estado: IDLE (Detecções ativas: 0)
           Restarts: Cap(0), YOLO(0), Rec(0)
2026-08-26 14:35:26 [INFO] 
[Métricas] RTSP: OFF | Câmera FPS: 25.0 | RAM: 293.60 MB | CPU
           Filas -> Cap: 0/200 (Drops: 0) | YOLO: 0/5 (Drops: 0)
           Estado: IDLE (Detecções ativas: 0)
           Restarts: Cap(0), YOLO(0), Rec(0)
2026-08-26 14:35:36 [INFO] 
[Métricas] RTSP: OFF | Câmera FPS: 25.0 | RAM: 293.60 MB | CPU
           Filas -> Cap: 0/200 (Drops: 0) | YOLO: 0/5 (Drops: 0)
           Estado: IDLE (Detecções ativas: 0)
           Restarts: Cap(0), YOLO(0), Rec(0)
2026-08-26 14:35:46 [INFO] 
[Métricas] RTSP: OFF | Câmera FPS: 25.0 | RAM: 293.60 MB | CPU
           Filas -> Cap: 0/200 (Drops: 0) | YOLO: 0/5 (Drops: 0)
           Estado: IDLE (Detecções ativas: 0)
           Restarts: Cap(0), YOLO(0), Rec(0)
2026-08-26 14:35:56 [INFO] 
[Métricas] RTSP: OFF | Câmera FPS: 25.0 | RAM: 293.60 MB | CPU
           Filas -> Cap: 0/200 (Drops: 0) | YOLO: 0/5 (Drops: 0)
           Estado: IDLE (Detecções ativas: 0)
           Restarts: Cap(0), YOLO(0), Rec(0)
2026-08-26 14:36:06 [INFO] 
[Métricas] RTSP: OFF | Câmera FPS: 25.0 | RAM: 293.60 MB | CPU
           Filas -> Cap: 0/200 (Drops: 0) | YOLO: 0/5 (Drops: 0)
           Estado: IDLE (Detecções ativas: 0)
           Restarts: Cap(0), YOLO(0), Rec(0)
2026-08-26 14:36:16 [INFO] 
[Métricas] RTSP: OFF | Câmera FPS: 25.0 | RAM: 293.60 MB | CPU
           Filas -> Cap: 0/200 (Drops: 0) | YOLO: 0/5 (Drops: 0)
           Estado: IDLE (Detecções ativas: 0)
           Restarts: Cap(0), YOLO(0), Rec(0)
2026-08-26 14:36:26 [INFO] 
[Métricas] RTSP: OFF | Câmera FPS: 25.0 | RAM: 293.60 MB | CPU
           Filas -> Cap: 0/200 (Drops: 0) | YOLO: 0/5 (Drops: 0)
           Estado: IDLE (Detecções ativas: 0)
           Restarts: Cap(0), YOLO(0), Rec(0)
2026-08-26 14:36:36 [INFO] 
[Métricas] RTSP: OFF | Câmera FPS: 25.0 | RAM: 293.60 MB | CPU
           Filas -> Cap: 0/200 (Drops: 0) | YOLO: 0/5 (Drops: 0)
           Estado: IDLE (Detecções ativas: 0)
           Restarts: Cap(0), YOLO(0), Rec(0)
2026-08-26 14:36:46 [INFO] 
[Métricas] RTSP: OFF | Câmera FPS: 25.0 | RAM: 293.60 MB | CPU
           Filas -> Cap: 0/200 (Drops: 0) | YOLO: 0/5 (Drops: 0)
           Estado: IDLE (Detecções ativas: 0)
           Restarts: Cap(0), YOLO(0), Rec(0)
2026-08-26 14:36:56 [INFO] 
[Métricas] RTSP: OFF | Câmera FPS: 25.0 | RAM: 293.60 MB | CPU
           Filas -> Cap: 0/200 (Drops: 0) | YOLO: 0/5 (Drops: 0)
           Estado: IDLE (Detecções ativas: 0)
           Restarts: Cap(0), YOLO(0), Rec(0)
2026-08-26 14:37:06 [INFO] 
[Métricas] RTSP: OFF | Câmera FPS: 25.0 | RAM: 293.60 MB | CPU
           Filas -> Cap: 0/200 (Drops: 0) | YOLO: 0/5 (Drops: 0)
           Estado: IDLE (Detecções ativas: 0)
           Restarts: Cap(0), YOLO(0), Rec(0)
2026-08-26 14:37:16 [INFO] 
[Métricas] RTSP: OFF | Câmera FPS: 25.0 | RAM: 293.60 MB | CPU
           Filas -> Cap: 0/200 (Drops: 0) | YOLO: 0/5 (Drops: 0)
           Estado: IDLE (Detecções ativas: 0)
           Restarts: Cap(0), YOLO(0), Rec(0)
2026-08-26 14:37:26 [INFO] 
[Métricas] RTSP: OFF | Câmera FPS: 25.0 | RAM: 293.60 MB | CPU
           Filas -> Cap: 0/200 (Drops: 0) | YOLO: 0/5 (Drops: 0)
           Estado: IDLE (Detecções ativas: 0)
           Restarts: Cap(0), YOLO(0), Rec(0)
2026-08-26 14:37:36 [INFO] 
[Métricas] RTSP: OFF | Câmera FPS: 25.0 | RAM: 293.60 MB | CPU
           Filas -> Cap: 0/200 (Drops: 0) | YOLO: 0/5 (Drops: 0)
           Estado: IDLE (Detecções ativas: 0)
           Restarts: Cap(0), YOLO(0), Rec(0)
2026-08-26 14:37:46 [INFO] 
[Métricas] RTSP: OFF | Câmera FPS: 25.0 | RAM: 293.60 MB | CPU
           Filas -> Cap: 0/200 (Drops: 0) | YOLO: 0/5 (Drops: 0)
           Estado: IDLE (Detecções ativas: 0)
           Restarts: Cap(0), YOLO(0), Rec(0)
2026-08-26 14:37:56 [INFO] 
[Métricas] RTSP: OFF | Câmera FPS: 25.0 | RAM: 293.60 MB | CPU
           Filas -> Cap: 0/200 (Drops: 0) | YOLO: 0/5 (Drops: 0)
           Estado: IDLE (Detecções ativas: 0)
           Restarts: Cap(0), YOLO(0), Rec(0)
2026-08-26 14:38:06 [INFO] 
[Métricas] RTSP: OFF | Câmera FPS: 25.0 | RAM: 293.60 MB | CPU
           Filas -> Cap: 0/200 (Drops: 0) | YOLO: 0/5 (Drops: 0)
           Estado: IDLE (Detecções ativas: 0)
           Restarts: Cap(0), YOLO(0), Rec(0)
2026-08-26 14:38:16 [INFO] 
[Métricas] RTSP: OFF | Câmera FPS: 25.0 | RAM: 293.60 MB | CPU
           Filas -> Cap: 0/200 (Drops: 0) | YOLO: 0/5 (Drops: 0)
           Estado: IDLE (Detecções ativas: 0)
           Restarts: Cap(0), YOLO(0), Rec(0)
2026-08-26 14:38:26 [INFO] 
[Métricas] RTSP: OFF | Câmera FPS: 25.0 | RAM: 293.60 MB | CPU
           Filas -> Cap: 0/200 (Drops: 0) | YOLO: 0/5 (Drops: 0)
           Estado: IDLE (Detecções ativas: 0)
           Restarts: Cap(0), YOLO(0), Rec(0)
2026-08-26 14:38:36 [INFO] 
[Métricas] RTSP: OFF | Câmera FPS: 25.0 | RAM: 293.60 MB | CPU
           Filas -> Cap: 0/200 (Drops: 0) | YOLO: 0/5 (Drops: 0)
           Estado: IDLE (Detecções ativas: 0)
           Restarts: Cap(0), YOLO(0), Rec(0)
2026-08-26 14:38:46 [INFO] 
[Métricas] RTSP: OFF | Câmera FPS: 25.0 | RAM: 293.60 MB | CPU
           Filas -> Cap: 0/200 (Drops: 0) | YOLO: 0/5 (Drops: 0)
           Estado: IDLE (Detecções ativas: 0)
           Restarts: Cap(0), YOLO(0), Rec(0)
2026-08-26 14:38:56 [INFO] 
[Métricas] RTSP: OFF | Câmera FPS: 25.0 | RAM: 293.60 MB | CPU
           Filas -> Cap: 0/200 (Drops: 0) | YOLO: 0/5 (Drops: 0)
           Estado: IDLE (Detecções ativas: 0)
           Restarts: Cap(0), YOLO(0), Rec(0)
2026-08-26 14:39:06 [INFO] 
[Métricas] RTSP: OFF | Câmera FPS: 25.0 | RAM: 293.60 MB | CPU
           Filas -> Cap: 0/200 (Drops: 0) | YOLO: 0/5 (Drops: 0)
           Estado: IDLE (Detecções ativas: 0)
           Restarts: Cap(0), YOLO(0), Rec(0)
2026-08-26 14:39:16 [INFO] 
[Métricas] RTSP: OFF | Câmera FPS: 25.0 | RAM: 293.60 MB | CPU
           Filas -> Cap: 0/200 (Drops: 0) | YOLO: 0/5 (Drops: 0)
           Estado: IDLE (Detecções ativas: 0)
           Restarts: Cap(0), YOLO(0), Rec(0)
2026-08-26 14:39:26 [INFO] 
[Métricas] RTSP: OFF | Câmera FPS: 25.0 | RAM: 293.60 MB | CPU
           Filas -> Cap: 0/200 (Drops: 0) | YOLO: 0/5 (Drops: 0)
           Estado: IDLE (Detecções ativas: 0)
           Restarts: Cap(0), YOLO(0), Rec(0)
2026-08-26 14:39:36 [INFO] 
[Métricas] RTSP: OFF | Câmera FPS: 25.0 | RAM: 293.60 MB | CPU
           Filas -> Cap: 0/200 (Drops: 0) | YOLO: 0/5 (Drops: 0)
           Estado: IDLE (Detecções ativas: 0)
           Restarts: Cap(0), YOLO(0), Rec(0)
2026-08-26 14:39:46 [INFO] 
[Métricas] RTSP: OFF | Câmera FPS: 25.0 | RAM: 293.60 MB | CPU
           Filas -> Cap: 0/200 (Drops: 0) | YOLO: 0/5 (Drops: 0)
           Estado: IDLE (Detecções ativas: 0)
           Restarts: Cap(0), YOLO(0), Rec(0)
2026-08-26 14:39:56 [INFO] 
[Métricas] RTSP: OFF | Câmera FPS: 25.0 | RAM: 293.60 MB | CPU
           Filas -> Cap: 0/200 (Drops: 0) | YOLO: 0/5 (Drops: 0)
           Estado: IDLE (Detecções ativas: 0)
           Restarts: Cap(0), YOLO(0), Rec(0)
2026-08-26 14:40:06 [INFO] 
[Métricas] RTSP: OFF | Câmera FPS: 25.0 | RAM: 293.60 MB | CPU
           Filas -> Cap: 0/200 (Drops: 0) | YOLO: 0/5 (Drops: 0)
           Estado: IDLE (Detecções ativas: 0)
           Restarts: Cap(0), YOLO(0), Rec(0)
2026-08-26 14:40:16 [INFO] 
[Métricas] RTSP: OFF | Câmera FPS: 25.0 | RAM: 293.60 MB | CPU
           Filas -> Cap: 0/200 (Drops: 0) | YOLO: 0/5 (Drops: 0)
           Estado: IDLE (Detecções ativas: 0)
           Restarts: Cap(0), YOLO(0), Rec(0)
2026-08-26 14:40:26 [INFO] 
[Métricas] RTSP: OFF | Câmera FPS: 25.0 | RAM: 293.60 MB | CPU
           Filas -> Cap: 0/200 (Drops: 0) | YOLO: 0/5 (Drops: 0)
           Estado: IDLE (Detecções ativas: 0)
           Restarts: Cap(0), YOLO(0), Rec(0)
2026-08-26 14:40:36 [INFO] 
[Métricas] RTSP: OFF | Câmera FPS: 25.0 | RAM: 293.60 MB | CPU
           Filas -> Cap: 0/200 (Drops: 0) | YOLO: 0/5 (Drops: 0)
           Estado: IDLE (Detecções ativas: 0)
           Restarts: Cap(0), YOLO(0), Rec(0)
2026-08-26 14:40:46 [INFO] 
[Métricas] RTSP: OFF | Câmera FPS: 25.0 | RAM: 293.60 MB | CPU
           Filas -> Cap: 0/200 (Drops: 0) | YOLO: 0/5 (Drops: 0)
           Estado: IDLE (Detecções ativas: 0)
           Restarts: Cap(0), YOLO(0), Rec(0)
2026-08-26 14:40:56 [INFO] 
[Métricas] RTSP: OFF | Câmera FPS: 25.0 | RAM: 293.60 MB | CPU
           Filas -> Cap: 0/200 (Drops: 0) | YOLO: 0/5 (Drops: 0)
           Estado: IDLE (Detecções ativas: 0)
           Restarts: Cap(0), YOLO(0), Rec(0)
2026-08-26 14:41:06 [INFO] 
[Métricas] RTSP: OFF | Câmera FPS: 25.0 | RAM: 293.60 MB | CPU
           Filas -> Cap: 0/200 (Drops: 0) | YOLO: 0/5 (Drops: 0)
           Estado: IDLE (Detecções ativas: 0)
           Restarts: Cap(0), YOLO(0), Rec(0)
2026-08-26 14:41:16 [INFO] 
[Métricas] RTSP: OFF | Câmera FPS: 25.0 | RAM: 293.60 MB | CPU
           Filas -> Cap: 0/200 (Drops: 0) | YOLO: 0/5 (Drops: 0)
           Estado: IDLE (Detecções ativas: 0)
           Restarts: Cap(0), YOLO(0), Rec(0)
2026-08-26 14:41:26 [INFO] 
[Métricas] RTSP: OFF | Câmera FPS: 25.0 | RAM: 293.60 MB | CPU
           Filas -> Cap: 0/200 (Drops: 0) | YOLO: 0/5 (Drops: 0)
           Estado: IDLE (Detecções ativas: 0)
           Restarts: Cap(0), YOLO(0), Rec(0)
2026-08-26 14:41:36 [INFO] 
[Métricas] RTSP: OFF | Câmera FPS: 25.0 | RAM: 293.60 MB | CPU
           Filas -> Cap: 0/200 (Drops: 0) | YOLO: 0/5 (Drops: 0)
           Estado: IDLE (Detecções ativas: 0)
           Restarts: Cap(0), YOLO(0), Rec(0)
2026-08-26 14:41:46 [INFO] 
[Métricas] RTSP: OFF | Câmera FPS: 25.0 | RAM: 293.60 MB | CPU
           Filas -> Cap: 0/200 (Drops: 0) | YOLO: 0/5 (Drops: 0)
           Estado: IDLE (Detecções ativas: 0)
           Restarts: Cap(0), YOLO(0), Rec(0)
2026-08-26 14:41:56 [INFO] 
[Métricas] RTSP: OFF | Câmera FPS: 25.0 | RAM: 293.60 MB | CPU
           Filas -> Cap: 0/200 (Drops: 0) | YOLO: 0/5 (Drops: 0)
           Estado: IDLE (Detecções ativas: 0)
           Restarts: Cap(0), YOLO(0), Rec(0)
2026-08-26 14:42:06 [INFO] 
[Métricas] RTSP: OFF | Câmera FPS: 25.0 | RAM: 293.60 MB | CPU
           Filas -> Cap: 0/200 (Drops: 0) | YOLO: 0/5 (Drops: 0)
           Estado: IDLE (Detecções ativas: 0)
           Restarts: Cap(0), YOLO(0), Rec(0)
2026-08-26 14:42:16 [INFO] 
[Métricas] RTSP: OFF | Câmera FPS: 25.0 | RAM: 293.60 MB | CPU
           Filas -> Cap: 0/200 (Drops: 0) | YOLO: 0/5 (Drops: 0)
           Estado: IDLE (Detecções ativas: 0)
           Restarts: Cap(0), YOLO(0), Rec(0)
2026-08-26 14:42:26 [INFO] 
[Métricas] RTSP: OFF | Câmera FPS: 25.0 | RAM: 293.60 MB | CPU
           Filas -> Cap: 0/200 (Drops: 0) | YOLO: 0/5 (Drops: 0)
           Estado: IDLE (Detecções ativas: 0)
           Restarts: Cap(0), YOLO(0), Rec(0)
2026-08-26 14:42:36 [INFO] 
[Métricas] RTSP: OFF | Câmera FPS: 25.0 | RAM: 293.60 MB | CPU
           Filas -> Cap: 0/200 (Drops: 0) | YOLO: 0/5 (Drops: 0)
           Estado: IDLE (Detecções ativas: 0)
           Restarts: Cap(0), YOLO(0), Rec(0)
2026-08-26 14:42:46 [INFO] 
[Métricas] RTSP: OFF | Câmera FPS: 25.0 | RAM: 293.60 MB | CPU
           Filas -> Cap: 0/200 (Drops: 0) | YOLO: 0/5 (Drops: 0)
           Estado: IDLE (Detecções ativas: 0)
           Restarts: Cap(0), YOLO(0), Rec(0)
2026-08-26 14:42:56 [INFO] 
[Métricas] RTSP: OFF | Câmera FPS: 25.0 | RAM: 293.60 MB | CPU
           Filas -> Cap: 0/200 (Drops: 0) | YOLO: 0/5 (Drops: 0)
           Estado: IDLE (Detecções ativas: 0)
           Restarts: Cap(0), YOLO(0), Rec(0)
2026-08-26 14:43:06 [INFO] 
[Métricas] RTSP: OFF | Câmera FPS: 25.0 | RAM: 293.60 MB | CPU
           Filas -> Cap: 0/200 (Drops: 0) | YOLO: 0/5 (Drops: 0)
           Estado: IDLE (Detecções ativas: 0)
           Restarts: Cap(0), YOLO(0), Rec(0)
2026-08-26 14:43:16 [INFO] 
[Métricas] RTSP: OFF | Câmera FPS: 25.0 | RAM: 293.60 MB | CPU
           Filas -> Cap: 0/200 (Drops: 0) | YOLO: 0/5 (Drops: 0)
           Estado: IDLE (Detecções ativas: 0)
           Restarts: Cap(0), YOLO(0), Rec(0)
2026-08-26 14:43:26 [INFO] 
[Métricas] RTSP: OFF | Câmera FPS: 25.0 | RAM: 293.60 MB | CPU
           Filas -> Cap: 0/200 (Drops: 0) | YOLO: 0/5 (Drops: 0)
           Estado: IDLE (Detecções ativas: 0)
           Restarts: Cap(0), YOLO(0), Rec(0)
2026-08-26 14:43:36 [INFO] 
[Métricas] RTSP: OFF | Câmera FPS: 25.0 | RAM: 293.60 MB | CPU
           Filas -> Cap: 0/200 (Drops: 0) | YOLO: 0/5 (Drops: 0)
           Estado: IDLE (Detecções ativas: 0)
           Restarts: Cap(0), YOLO(0), Rec(0)
2026-08-26 14:43:46 [INFO] 
[Métricas] RTSP: OFF | Câmera FPS: 25.0 | RAM: 293.60 MB | CPU
           Filas -> Cap: 0/200 (Drops: 0) | YOLO: 0/5 (Drops: 0)
           Estado: IDLE (Detecções ativas: 0)
           Restarts: Cap(0), YOLO(0), Rec(0)
2026-08-26 14:43:56 [INFO] 
[Métricas] RTSP: OFF | Câmera FPS: 25.0 | RAM: 293.60 MB | CPU
           Filas -> Cap: 0/200 (Drops: 0) | YOLO: 0/5 (Drops: 0)
           Estado: IDLE (Detecções ativas: 0)
           Restarts: Cap(0), YOLO(0), Rec(0)
2026-08-26 14:44:06 [INFO] 
[Métricas] RTSP: OFF | Câmera FPS: 25.0 | RAM: 293.60 MB | CPU
           Filas -> Cap: 0/200 (Drops: 0) | YOLO: 0/5 (Drops: 0)
           Estado: IDLE (Detecções ativas: 0)
           Restarts: Cap(0), YOLO(0), Rec(0)
2026-08-26 14:44:16 [INFO] 
[Métricas] RTSP: OFF | Câmera FPS: 25.0 | RAM: 293.60 MB | CPU
           Filas -> Cap: 0/200 (Drops: 0) | YOLO: 0/5 (Drops: 0)
           Estado: IDLE (Detecções ativas: 0)
           Restarts: Cap(0), YOLO(0), Rec(0)
2026-08-26 14:44:26 [INFO] 
[Métricas] RTSP: OFF | Câmera FPS: 25.0 | RAM: 293.60 MB | CPU
           Filas -> Cap: 0/200 (Drops: 0) | YOLO: 0/5 (Drops: 0)
           Estado: IDLE (Detecções ativas: 0)
           Restarts: Cap(0), YOLO(0), Rec(0)
2026-08-26 14:44:36 [INFO] 
[Métricas] RTSP: OFF | Câmera FPS: 25.0 | RAM: 293.60 MB | CPU
           Filas -> Cap: 0/200 (Drops: 0) | YOLO: 0/5 (Drops: 0)
           Estado: IDLE (Detecções ativas: 0)
           Restarts: Cap(0), YOLO(0), Rec(0)
2026-08-26 14:44:46 [INFO] 
[Métricas] RTSP: OFF | Câmera FPS: 25.0 | RAM: 293.60 MB | CPU
           Filas -> Cap: 0/200 (Drops: 0) | YOLO: 0/5 (Drops: 0)
           Estado: IDLE (Detecções ativas: 0)
           Restarts: Cap(0), YOLO(0), Rec(0)
2026-08-26 14:44:56 [INFO] 
[Métricas] RTSP: OFF | Câmera FPS: 25.0 | RAM: 293.60 MB | CPU
           Filas -> Cap: 0/200 (Drops: 0) | YOLO: 0/5 (Drops: 0)
           Estado: IDLE (Detecções ativas: 0)
           Restarts: Cap(0), YOLO(0), Rec(0)
2026-08-26 14:45:06 [INFO] 
[Métricas] RTSP: OFF | Câmera FPS: 25.0 | RAM: 293.60 MB | CPU
           Filas -> Cap: 0/200 (Drops: 0) | YOLO: 0/5 (Drops: 0)
           Estado: IDLE (Detecções ativas: 0)
           Restarts: Cap(0), YOLO(0), Rec(0)
2026-08-26 14:45:16 [INFO] 
[Métricas] RTSP: OFF | Câmera FPS: 25.0 | RAM: 293.60 MB | CPU
           Filas -> Cap: 0/200 (Drops: 0) | YOLO: 0/5 (Drops: 0)
           Estado: IDLE (Detecções ativas: 0)
           Restarts: Cap(0), YOLO(0), Rec(0)
2026-08-26 14:45:26 [INFO] 
[Métricas] RTSP: OFF | Câmera FPS: 25.0 | RAM: 215.17 MB | CPU
           Filas -> Cap: 0/200 (Drops: 0) | YOLO: 0/5 (Drops: 0)
           Estado: IDLE (Detecções ativas: 0)
           Restarts: Cap(0), YOLO(0), Rec(0)
2026-08-26 14:45:36 [INFO] 
[Métricas] RTSP: OFF | Câmera FPS: 25.0 | RAM: 215.17 MB | CPU
           Filas -> Cap: 0/200 (Drops: 0) | YOLO: 0/5 (Drops: 0)
           Estado: IDLE (Detecções ativas: 0)
           Restarts: Cap(0), YOLO(0), Rec(0)
2026-08-26 14:45:46 [INFO] 
[Métricas] RTSP: OFF | Câmera FPS: 25.0 | RAM: 215.17 MB | CPU
           Filas -> Cap: 0/200 (Drops: 0) | YOLO: 0/5 (Drops: 0)
           Estado: IDLE (Detecções ativas: 0)
           Restarts: Cap(0), YOLO(0), Rec(0)
2026-08-26 14:45:56 [INFO] 
[Métricas] RTSP: OFF | Câmera FPS: 25.0 | RAM: 215.17 MB | CPU
           Filas -> Cap: 0/200 (Drops: 0) | YOLO: 0/5 (Drops: 0)
           Estado: IDLE (Detecções ativas: 0)
           Restarts: Cap(0), YOLO(0), Rec(0)
2026-08-26 14:46:06 [INFO] 
[Métricas] RTSP: OFF | Câmera FPS: 25.0 | RAM: 215.17 MB | CPU
           Filas -> Cap: 0/200 (Drops: 0) | YOLO: 0/5 (Drops: 0)
           Estado: IDLE (Detecções ativas: 0)
           Restarts: Cap(0), YOLO(0), Rec(0)
2026-08-26 14:46:16 [INFO] 
[Métricas] RTSP: OFF | Câmera FPS: 25.0 | RAM: 215.17 MB | CPU
           Filas -> Cap: 0/200 (Drops: 0) | YOLO: 0/5 (Drops: 0)
           Estado: IDLE (Detecções ativas: 0)
           Restarts: Cap(0), YOLO(0), Rec(0)
2026-08-26 14:46:26 [INFO] 
[Métricas] RTSP: OFF | Câmera FPS: 25.0 | RAM: 215.17 MB | CPU
           Filas -> Cap: 0/200 (Drops: 0) | YOLO: 0/5 (Drops: 0)
           Estado: IDLE (Detecções ativas: 0)
           Restarts: Cap(0), YOLO(0), Rec(0)
2026-08-26 14:46:36 [INFO] 
[Métricas] RTSP: OFF | Câmera FPS: 25.0 | RAM: 215.17 MB | CPU
           Filas -> Cap: 0/200 (Drops: 0) | YOLO: 0/5 (Drops: 0)
           Estado: IDLE (Detecções ativas: 0)
           Restarts: Cap(0), YOLO(0), Rec(0)
2026-08-26 14:46:46 [INFO] 
[Métricas] RTSP: OFF | Câmera FPS: 25.0 | RAM: 215.17 MB | CPU
           Filas -> Cap: 0/200 (Drops: 0) | YOLO: 0/5 (Drops: 0)
           Estado: IDLE (Detecções ativas: 0)
           Restarts: Cap(0), YOLO(0), Rec(0)
2026-08-26 14:46:56 [INFO] 
[Métricas] RTSP: OFF | Câmera FPS: 25.0 | RAM: 215.17 MB | CPU
           Filas -> Cap: 0/200 (Drops: 0) | YOLO: 0/5 (Drops: 0)
           Estado: IDLE (Detecções ativas: 0)
           Restarts: Cap(0), YOLO(0), Rec(0)
2026-08-26 14:47:06 [INFO] 
[Métricas] RTSP: OFF | Câmera FPS: 25.0 | RAM: 215.17 MB | CPU
           Filas -> Cap: 0/200 (Drops: 0) | YOLO: 0/5 (Drops: 0)
           Estado: IDLE (Detecções ativas: 0)
           Restarts: Cap(0), YOLO(0), Rec(0)
2026-08-26 14:47:16 [INFO] 
[Métricas] RTSP: OFF | Câmera FPS: 25.0 | RAM: 215.17 MB | CPU
           Filas -> Cap: 0/200 (Drops: 0) | YOLO: 0/5 (Drops: 0)
           Estado: IDLE (Detecções ativas: 0)
           Restarts: Cap(0), YOLO(0), Rec(0)
2026-08-26 14:47:26 [INFO] 
[Métricas] RTSP: OFF | Câmera FPS: 25.0 | RAM: 215.17 MB | CPU
           Filas -> Cap: 0/200 (Drops: 0) | YOLO: 0/5 (Drops: 0)
           Estado: IDLE (Detecções ativas: 0)
           Restarts: Cap(0), YOLO(0), Rec(0)
2026-08-26 14:47:36 [INFO] 
[Métricas] RTSP: OFF | Câmera FPS: 25.0 | RAM: 215.17 MB | CPU
           Filas -> Cap: 0/200 (Drops: 0) | YOLO: 0/5 (Drops: 0)
           Estado: IDLE (Detecções ativas: 0)
           Restarts: Cap(0), YOLO(0), Rec(0)
2026-08-26 14:47:46 [INFO] 
[Métricas] RTSP: OFF | Câmera FPS: 25.0 | RAM: 215.17 MB | CPU
           Filas -> Cap: 0/200 (Drops: 0) | YOLO: 0/5 (Drops: 0)
           Estado: IDLE (Detecções ativas: 0)
           Restarts: Cap(0), YOLO(0), Rec(0)
2026-08-26 14:47:56 [INFO] 
[Métricas] RTSP: OFF | Câmera FPS: 25.0 | RAM: 215.17 MB | CPU
           Filas -> Cap: 0/200 (Drops: 0) | YOLO: 0/5 (Drops: 0)
           Estado: IDLE (Detecções ativas: 0)
           Restarts: Cap(0), YOLO(0), Rec(0)
2026-08-26 14:48:06 [INFO] 
[Métricas] RTSP: OFF | Câmera FPS: 25.0 | RAM: 215.17 MB | CPU
           Filas -> Cap: 0/200 (Drops: 0) | YOLO: 0/5 (Drops: 0)
           Estado: IDLE (Detecções ativas: 0)
           Restarts: Cap(0), YOLO(0), Rec(0)
2026-08-26 14:48:16 [INFO] 
[Métricas] RTSP: OFF | Câmera FPS: 25.0 | RAM: 215.17 MB | CPU
           Filas -> Cap: 0/200 (Drops: 0) | YOLO: 0/5 (Drops: 0)
           Estado: IDLE (Detecções ativas: 0)
           Restarts: Cap(0), YOLO(0), Rec(0)
2026-08-26 14:48:26 [INFO] 
[Métricas] RTSP: OFF | Câmera FPS: 25.0 | RAM: 215.17 MB | CPU
           Filas -> Cap: 0/200 (Drops: 0) | YOLO: 0/5 (Drops: 0)
           Estado: IDLE (Detecções ativas: 0)
           Restarts: Cap(0), YOLO(0), Rec(0)
2026-08-26 14:48:36 [INFO] 
[Métricas] RTSP: OFF | Câmera FPS: 25.0 | RAM: 215.17 MB | CPU
           Filas -> Cap: 0/200 (Drops: 0) | YOLO: 0/5 (Drops: 0)
           Estado: IDLE (Detecções ativas: 0)
           Restarts: Cap(0), YOLO(0), Rec(0)
2026-08-26 14:48:46 [INFO] 
[Métricas] RTSP: OFF | Câmera FPS: 25.0 | RAM: 215.17 MB | CPU
           Filas -> Cap: 0/200 (Drops: 0) | YOLO: 0/5 (Drops: 0)
           Estado: IDLE (Detecções ativas: 0)
           Restarts: Cap(0), YOLO(0), Rec(0)
2026-08-26 14:48:56 [INFO] 
[Métricas] RTSP: OFF | Câmera FPS: 25.0 | RAM: 215.17 MB | CPU
           Filas -> Cap: 0/200 (Drops: 0) | YOLO: 0/5 (Drops: 0)
           Estado: IDLE (Detecções ativas: 0)
           Restarts: Cap(0), YOLO(0), Rec(0)
2026-08-26 14:49:06 [INFO] 
[Métricas] RTSP: OFF | Câmera FPS: 25.0 | RAM: 215.17 MB | CPU
           Filas -> Cap: 0/200 (Drops: 0) | YOLO: 0/5 (Drops: 0)
           Estado: IDLE (Detecções ativas: 0)
           Restarts: Cap(0), YOLO(0), Rec(0)
2026-08-26 14:49:17 [INFO] 
[Métricas] RTSP: OFF | Câmera FPS: 25.0 | RAM: 215.17 MB | CPU
           Filas -> Cap: 0/200 (Drops: 0) | YOLO: 0/5 (Drops: 0)
           Estado: IDLE (Detecções ativas: 0)
           Restarts: Cap(0), YOLO(0), Rec(0)
2026-08-26 14:49:27 [INFO] 
[Métricas] RTSP: OFF | Câmera FPS: 25.0 | RAM: 215.17 MB | CPU
           Filas -> Cap: 0/200 (Drops: 0) | YOLO: 0/5 (Drops: 0)
           Estado: IDLE (Detecções ativas: 0)
           Restarts: Cap(0), YOLO(0), Rec(0)
2026-08-26 14:49:37 [INFO] 
[Métricas] RTSP: OFF | Câmera FPS: 25.0 | RAM: 215.17 MB | CPU
           Filas -> Cap: 0/200 (Drops: 0) | YOLO: 0/5 (Drops: 0)
           Estado: IDLE (Detecções ativas: 0)
           Restarts: Cap(0), YOLO(0), Rec(0)
2026-08-26 14:49:47 [INFO] 
[Métricas] RTSP: OFF | Câmera FPS: 25.0 | RAM: 215.17 MB | CPU
           Filas -> Cap: 0/200 (Drops: 0) | YOLO: 0/5 (Drops: 0)
           Estado: IDLE (Detecções ativas: 0)
           Restarts: Cap(0), YOLO(0), Rec(0)
2026-08-26 14:49:57 [INFO] 
[Métricas] RTSP: OFF | Câmera FPS: 25.0 | RAM: 215.17 MB | CPU
           Filas -> Cap: 0/200 (Drops: 0) | YOLO: 0/5 (Drops: 0)
           Estado: IDLE (Detecções ativas: 0)
           Restarts: Cap(0), YOLO(0), Rec(0)
2026-08-26 14:50:07 [INFO] 
[Métricas] RTSP: OFF | Câmera FPS: 25.0 | RAM: 215.17 MB | CPU
           Filas -> Cap: 0/200 (Drops: 0) | YOLO: 0/5 (Drops: 0)
           Estado: IDLE (Detecções ativas: 0)
           Restarts: Cap(0), YOLO(0), Rec(0)
2026-08-26 14:50:17 [INFO] 
[Métricas] RTSP: OFF | Câmera FPS: 25.0 | RAM: 215.17 MB | CPU
           Filas -> Cap: 0/200 (Drops: 0) | YOLO: 0/5 (Drops: 0)
           Estado: IDLE (Detecções ativas: 0)
           Restarts: Cap(0), YOLO(0), Rec(0)
2026-08-26 14:50:27 [INFO] 
[Métricas] RTSP: OFF | Câmera FPS: 25.0 | RAM: 81.62 MB | CPU
           Filas -> Cap: 0/200 (Drops: 0) | YOLO: 0/5 (Drops: 0)
           Estado: IDLE (Detecções ativas: 0)
           Restarts: Cap(0), YOLO(0), Rec(0)
2026-08-26 14:50:37 [INFO] 
[Métricas] RTSP: OFF | Câmera FPS: 25.0 | RAM: 81.62 MB | CPU
           Filas -> Cap: 0/200 (Drops: 0) | YOLO: 0/5 (Drops: 0)
           Estado: IDLE (Detecções ativas: 0)
           Restarts: Cap(0), YOLO(0), Rec(0)
2026-08-26 14:50:47 [INFO] 
[Métricas] RTSP: OFF | Câmera FPS: 25.0 | RAM: 81.62 MB | CPU
           Filas -> Cap: 0/200 (Drops: 0) | YOLO: 0/5 (Drops: 0)
           Estado: IDLE (Detecções ativas: 0)
           Restarts: Cap(0), YOLO(0), Rec(0)
2026-08-26 14:50:57 [INFO] 
[Métricas] RTSP: OFF | Câmera FPS: 25.0 | RAM: 81.62 MB | CPU
           Filas -> Cap: 0/200 (Drops: 0) | YOLO: 0/5 (Drops: 0)
           Estado: IDLE (Detecções ativas: 0)
           Restarts: Cap(0), YOLO(0), Rec(0)
2026-08-26 14:51:07 [INFO] 
[Métricas] RTSP: OFF | Câmera FPS: 25.0 | RAM: 81.62 MB | CPU
           Filas -> Cap: 0/200 (Drops: 0) | YOLO: 0/5 (Drops: 0)
           Estado: IDLE (Detecções ativas: 0)
           Restarts: Cap(0), YOLO(0), Rec(0)
2026-08-26 14:51:17 [INFO] 
[Métricas] RTSP: OFF | Câmera FPS: 25.0 | RAM: 81.62 MB | CPU
           Filas -> Cap: 0/200 (Drops: 0) | YOLO: 0/5 (Drops: 0)
           Estado: IDLE (Detecções ativas: 0)
           Restarts: Cap(0), YOLO(0), Rec(0)
2026-08-26 14:51:27 [INFO] 
[Métricas] RTSP: OFF | Câmera FPS: 25.0 | RAM: 81.62 MB | CPU
           Filas -> Cap: 0/200 (Drops: 0) | YOLO: 0/5 (Drops: 0)
           Estado: IDLE (Detecções ativas: 0)
           Restarts: Cap(0), YOLO(0), Rec(0)
2026-08-26 14:51:37 [INFO] 
[Métricas] RTSP: OFF | Câmera FPS: 25.0 | RAM: 81.62 MB | CPU
           Filas -> Cap: 0/200 (Drops: 0) | YOLO: 0/5 (Drops: 0)
           Estado: IDLE (Detecções ativas: 0)
           Restarts: Cap(0), YOLO(0), Rec(0)
2026-08-26 14:51:47 [INFO] 
[Métricas] RTSP: OFF | Câmera FPS: 25.0 | RAM: 81.62 MB | CPU
           Filas -> Cap: 0/200 (Drops: 0) | YOLO: 0/5 (Drops: 0)
           Estado: IDLE (Detecções ativas: 0)
           Restarts: Cap(0), YOLO(0), Rec(0)
2026-08-26 14:51:57 [INFO] 
[Métricas] RTSP: OFF | Câmera FPS: 25.0 | RAM: 81.62 MB | CPU
           Filas -> Cap: 0/200 (Drops: 0) | YOLO: 0/5 (Drops: 0)
           Estado: IDLE (Detecções ativas: 0)
           Restarts: Cap(0), YOLO(0), Rec(0)
2026-08-26 14:52:07 [INFO] 
[Métricas] RTSP: OFF | Câmera FPS: 25.0 | RAM: 81.62 MB | CPU
           Filas -> Cap: 0/200 (Drops: 0) | YOLO: 0/5 (Drops: 0)
           Estado: IDLE (Detecções ativas: 0)
           Restarts: Cap(0), YOLO(0), Rec(0)
2026-08-26 14:52:17 [INFO] 
[Métricas] RTSP: OFF | Câmera FPS: 25.0 | RAM: 81.62 MB | CPU
           Filas -> Cap: 0/200 (Drops: 0) | YOLO: 0/5 (Drops: 0)
           Estado: IDLE (Detecções ativas: 0)
           Restarts: Cap(0), YOLO(0), Rec(0)
2026-08-26 14:52:27 [INFO] 
[Métricas] RTSP: OFF | Câmera FPS: 25.0 | RAM: 81.62 MB | CPU
           Filas -> Cap: 0/200 (Drops: 0) | YOLO: 0/5 (Drops: 0)
           Estado: IDLE (Detecções ativas: 0)
           Restarts: Cap(0), YOLO(0), Rec(0)
2026-08-26 14:52:37 [INFO] 
[Métricas] RTSP: OFF | Câmera FPS: 25.0 | RAM: 81.62 MB | CPU
           Filas -> Cap: 0/200 (Drops: 0) | YOLO: 0/5 (Drops: 0)
           Estado: IDLE (Detecções ativas: 0)
           Restarts: Cap(0), YOLO(0), Rec(0)
2026-08-26 14:52:47 [INFO] 
[Métricas] RTSP: OFF | Câmera FPS: 25.0 | RAM: 81.62 MB | CPU
           Filas -> Cap: 0/200 (Drops: 0) | YOLO: 0/5 (Drops: 0)
           Estado: IDLE (Detecções ativas: 0)
           Restarts: Cap(0), YOLO(0), Rec(0)
2026-08-26 14:52:57 [INFO] 
[Métricas] RTSP: OFF | Câmera FPS: 25.0 | RAM: 81.62 MB | CPU
           Filas -> Cap: 0/200 (Drops: 0) | YOLO: 0/5 (Drops: 0)
           Estado: IDLE (Detecções ativas: 0)
           Restarts: Cap(0), YOLO(0), Rec(0)
2026-08-26 14:53:07 [INFO] 
[Métricas] RTSP: OFF | Câmera FPS: 25.0 | RAM: 81.62 MB | CPU
           Filas -> Cap: 0/200 (Drops: 0) | YOLO: 0/5 (Drops: 0)
           Estado: IDLE (Detecções ativas: 0)
           Restarts: Cap(0), YOLO(0), Rec(0)
2026-08-26 14:53:17 [INFO] 
[Métricas] RTSP: OFF | Câmera FPS: 25.0 | RAM: 81.62 MB | CPU
           Filas -> Cap: 0/200 (Drops: 0) | YOLO: 0/5 (Drops: 0)
           Estado: IDLE (Detecções ativas: 0)
           Restarts: Cap(0), YOLO(0), Rec(0)
2026-08-26 14:53:27 [INFO] 
[Métricas] RTSP: OFF | Câmera FPS: 25.0 | RAM: 81.62 MB | CPU
           Filas -> Cap: 0/200 (Drops: 0) | YOLO: 0/5 (Drops: 0)
           Estado: IDLE (Detecções ativas: 0)
           Restarts: Cap(0), YOLO(0), Rec(0)
2026-08-26 14:53:37 [INFO] 
[Métricas] RTSP: OFF | Câmera FPS: 25.0 | RAM: 81.62 MB | CPU
           Filas -> Cap: 0/200 (Drops: 0) | YOLO: 0/5 (Drops: 0)
           Estado: IDLE (Detecções ativas: 0)
           Restarts: Cap(0), YOLO(0), Rec(0)
2026-08-26 14:53:47 [INFO] 
[Métricas] RTSP: OFF | Câmera FPS: 25.0 | RAM: 81.62 MB | CPU
           Filas -> Cap: 0/200 (Drops: 0) | YOLO: 0/5 (Drops: 0)
           Estado: IDLE (Detecções ativas: 0)
           Restarts: Cap(0), YOLO(0), Rec(0)
2026-08-26 14:53:57 [INFO] 
[Métricas] RTSP: OFF | Câmera FPS: 25.0 | RAM: 81.62 MB | CPU
           Filas -> Cap: 0/200 (Drops: 0) | YOLO: 0/5 (Drops: 0)
           Estado: IDLE (Detecções ativas: 0)
           Restarts: Cap(0), YOLO(0), Rec(0)
2026-08-26 14:54:07 [INFO] 
[Métricas] RTSP: OFF | Câmera FPS: 25.0 | RAM: 81.62 MB | CPU
           Filas -> Cap: 0/200 (Drops: 0) | YOLO: 0/5 (Drops: 0)
           Estado: IDLE (Detecções ativas: 0)
           Restarts: Cap(0), YOLO(0), Rec(0)
2026-08-26 14:54:17 [INFO] 
[Métricas] RTSP: OFF | Câmera FPS: 25.0 | RAM: 81.62 MB | CPU
           Filas -> Cap: 0/200 (Drops: 0) | YOLO: 0/5 (Drops: 0)
           Estado: IDLE (Detecções ativas: 0)
           Restarts: Cap(0), YOLO(0), Rec(0)
2026-08-26 14:54:27 [INFO] 
[Métricas] RTSP: OFF | Câmera FPS: 25.0 | RAM: 81.62 MB | CPU
           Filas -> Cap: 0/200 (Drops: 0) | YOLO: 0/5 (Drops: 0)
           Estado: IDLE (Detecções ativas: 0)
           Restarts: Cap(0), YOLO(0), Rec(0)
2026-08-26 14:54:37 [INFO] 
[Métricas] RTSP: OFF | Câmera FPS: 25.0 | RAM: 81.62 MB | CPU
           Filas -> Cap: 0/200 (Drops: 0) | YOLO: 0/5 (Drops: 0)
           Estado: IDLE (Detecções ativas: 0)
           Restarts: Cap(0), YOLO(0), Rec(0)
2026-08-26 14:54:47 [INFO] 
[Métricas] RTSP: OFF | Câmera FPS: 25.0 | RAM: 81.62 MB | CPU
           Filas -> Cap: 0/200 (Drops: 0) | YOLO: 0/5 (Drops: 0)
           Estado: IDLE (Detecções ativas: 0)
           Restarts: Cap(0), YOLO(0), Rec(0)
2026-08-26 14:54:57 [INFO] 
[Métricas] RTSP: OFF | Câmera FPS: 25.0 | RAM: 81.62 MB | CPU
           Filas -> Cap: 0/200 (Drops: 0) | YOLO: 0/5 (Drops: 0)
           Estado: IDLE (Detecções ativas: 0)
           Restarts: Cap(0), YOLO(0), Rec(0)
2026-08-26 14:55:07 [INFO] 
[Métricas] RTSP: OFF | Câmera FPS: 25.0 | RAM: 81.62 MB | CPU
           Filas -> Cap: 0/200 (Drops: 0) | YOLO: 0/5 (Drops: 0)
           Estado: IDLE (Detecções ativas: 0)
           Restarts: Cap(0), YOLO(0), Rec(0)
2026-08-26 14:55:17 [INFO] 
[Métricas] RTSP: OFF | Câmera FPS: 25.0 | RAM: 81.62 MB | CPU
           Filas -> Cap: 0/200 (Drops: 0) | YOLO: 0/5 (Drops: 0)
           Estado: IDLE (Detecções ativas: 0)
           Restarts: Cap(0), YOLO(0), Rec(0)
2026-08-26 14:55:27 [INFO] 
[Métricas] RTSP: OFF | Câmera FPS: 25.0 | RAM: 51.38 MB | CPU
           Filas -> Cap: 0/200 (Drops: 0) | YOLO: 0/5 (Drops: 0)
           Estado: IDLE (Detecções ativas: 0)
           Restarts: Cap(0), YOLO(0), Rec(0)
2026-08-26 14:55:37 [INFO] 
[Métricas] RTSP: OFF | Câmera FPS: 25.0 | RAM: 51.38 MB | CPU
           Filas -> Cap: 0/200 (Drops: 0) | YOLO: 0/5 (Drops: 0)
           Estado: IDLE (Detecções ativas: 0)
           Restarts: Cap(0), YOLO(0), Rec(0)
2026-08-26 14:55:47 [INFO] 
[Métricas] RTSP: OFF | Câmera FPS: 25.0 | RAM: 51.38 MB | CPU
           Filas -> Cap: 0/200 (Drops: 0) | YOLO: 0/5 (Drops: 0)
           Estado: IDLE (Detecções ativas: 0)
           Restarts: Cap(0), YOLO(0), Rec(0)
2026-08-26 14:55:57 [INFO] 
[Métricas] RTSP: OFF | Câmera FPS: 25.0 | RAM: 51.38 MB | CPU
           Filas -> Cap: 0/200 (Drops: 0) | YOLO: 0/5 (Drops: 0)
           Estado: IDLE (Detecções ativas: 0)
           Restarts: Cap(0), YOLO(0), Rec(0)
2026-08-26 14:56:07 [INFO] 
[Métricas] RTSP: OFF | Câmera FPS: 25.0 | RAM: 51.38 MB | CPU
           Filas -> Cap: 0/200 (Drops: 0) | YOLO: 0/5 (Drops: 0)
           Estado: IDLE (Detecções ativas: 0)
           Restarts: Cap(0), YOLO(0), Rec(0)
2026-08-26 14:56:17 [INFO] 
[Métricas] RTSP: OFF | Câmera FPS: 25.0 | RAM: 51.38 MB | CPU
           Filas -> Cap: 0/200 (Drops: 0) | YOLO: 0/5 (Drops: 0)
           Estado: IDLE (Detecções ativas: 0)
           Restarts: Cap(0), YOLO(0), Rec(0)
2026-08-26 14:56:27 [INFO] 
[Métricas] RTSP: OFF | Câmera FPS: 25.0 | RAM: 51.38 MB | CPU
           Filas -> Cap: 0/200 (Drops: 0) | YOLO: 0/5 (Drops: 0)
           Estado: IDLE (Detecções ativas: 0)
           Restarts: Cap(0), YOLO(0), Rec(0)
2026-08-26 14:56:37 [INFO] 
[Métricas] RTSP: OFF | Câmera FPS: 25.0 | RAM: 51.38 MB | CPU
           Filas -> Cap: 0/200 (Drops: 0) | YOLO: 0/5 (Drops: 0)
           Estado: IDLE (Detecções ativas: 0)
           Restarts: Cap(0), YOLO(0), Rec(0)
2026-08-26 14:56:47 [INFO] 
[Métricas] RTSP: OFF | Câmera FPS: 25.0 | RAM: 51.38 MB | CPU
           Filas -> Cap: 0/200 (Drops: 0) | YOLO: 0/5 (Drops: 0)
           Estado: IDLE (Detecções ativas: 0)
           Restarts: Cap(0), YOLO(0), Rec(0)
2026-08-26 14:56:57 [INFO] 
[Métricas] RTSP: OFF | Câmera FPS: 25.0 | RAM: 51.38 MB | CPU
           Filas -> Cap: 0/200 (Drops: 0) | YOLO: 0/5 (Drops: 0)
           Estado: IDLE (Detecções ativas: 0)
           Restarts: Cap(0), YOLO(0), Rec(0)
2026-08-26 14:57:07 [INFO] 
[Métricas] RTSP: OFF | Câmera FPS: 25.0 | RAM: 51.38 MB | CPU
           Filas -> Cap: 0/200 (Drops: 0) | YOLO: 0/5 (Drops: 0)
           Estado: IDLE (Detecções ativas: 0)
           Restarts: Cap(0), YOLO(0), Rec(0)
2026-08-26 14:57:17 [INFO] 
[Métricas] RTSP: OFF | Câmera FPS: 25.0 | RAM: 51.38 MB | CPU
           Filas -> Cap: 0/200 (Drops: 0) | YOLO: 0/5 (Drops: 0)
           Estado: IDLE (Detecções ativas: 0)
           Restarts: Cap(0), YOLO(0), Rec(0)
2026-08-26 14:57:27 [INFO] 
[Métricas] RTSP: OFF | Câmera FPS: 25.0 | RAM: 51.38 MB | CPU
           Filas -> Cap: 0/200 (Drops: 0) | YOLO: 0/5 (Drops: 0)
           Estado: IDLE (Detecções ativas: 0)
           Restarts: Cap(0), YOLO(0), Rec(0)
2026-08-26 14:57:37 [INFO] 
[Métricas] RTSP: OFF | Câmera FPS: 25.0 | RAM: 51.38 MB | CPU
           Filas -> Cap: 0/200 (Drops: 0) | YOLO: 0/5 (Drops: 0)
           Estado: IDLE (Detecções ativas: 0)
           Restarts: Cap(0), YOLO(0), Rec(0)
2026-08-26 14:57:47 [INFO] 
[Métricas] RTSP: OFF | Câmera FPS: 25.0 | RAM: 51.38 MB | CPU
           Filas -> Cap: 0/200 (Drops: 0) | YOLO: 0/5 (Drops: 0)
           Estado: IDLE (Detecções ativas: 0)
           Restarts: Cap(0), YOLO(0), Rec(0)
2026-08-26 14:57:57 [INFO] 
[Métricas] RTSP: OFF | Câmera FPS: 25.0 | RAM: 51.38 MB | CPU
           Filas -> Cap: 0/200 (Drops: 0) | YOLO: 0/5 (Drops: 0)
           Estado: IDLE (Detecções ativas: 0)
           Restarts: Cap(0), YOLO(0), Rec(0)
2026-08-26 14:58:07 [INFO] 
[Métricas] RTSP: OFF | Câmera FPS: 25.0 | RAM: 51.38 MB | CPU
           Filas -> Cap: 0/200 (Drops: 0) | YOLO: 0/5 (Drops: 0)
           Estado: IDLE (Detecções ativas: 0)
           Restarts: Cap(0), YOLO(0), Rec(0)
2026-08-26 14:58:17 [INFO] 
[Métricas] RTSP: OFF | Câmera FPS: 25.0 | RAM: 51.38 MB | CPU
           Filas -> Cap: 0/200 (Drops: 0) | YOLO: 0/5 (Drops: 0)
           Estado: IDLE (Detecções ativas: 0)
           Restarts: Cap(0), YOLO(0), Rec(0)
2026-08-26 14:58:27 [INFO] 
[Métricas] RTSP: OFF | Câmera FPS: 25.0 | RAM: 51.38 MB | CPU
           Filas -> Cap: 0/200 (Drops: 0) | YOLO: 0/5 (Drops: 0)
           Estado: IDLE (Detecções ativas: 0)
           Restarts: Cap(0), YOLO(0), Rec(0)
2026-08-26 14:58:37 [INFO] 
[Métricas] RTSP: OFF | Câmera FPS: 25.0 | RAM: 51.38 MB | CPU
           Filas -> Cap: 0/200 (Drops: 0) | YOLO: 0/5 (Drops: 0)
           Estado: IDLE (Detecções ativas: 0)
           Restarts: Cap(0), YOLO(0), Rec(0)
2026-08-26 14:58:47 [INFO] 
[Métricas] RTSP: OFF | Câmera FPS: 25.0 | RAM: 51.38 MB | CPU
           Filas -> Cap: 0/200 (Drops: 0) | YOLO: 0/5 (Drops: 0)
           Estado: IDLE (Detecções ativas: 0)
           Restarts: Cap(0), YOLO(0), Rec(0)
2026-08-26 14:58:57 [INFO] 
[Métricas] RTSP: OFF | Câmera FPS: 25.0 | RAM: 51.38 MB | CPU
           Filas -> Cap: 0/200 (Drops: 0) | YOLO: 0/5 (Drops: 0)
           Estado: IDLE (Detecções ativas: 0)
           Restarts: Cap(0), YOLO(0), Rec(0)
2026-08-26 14:59:07 [INFO] 
[Métricas] RTSP: OFF | Câmera FPS: 25.0 | RAM: 51.38 MB | CPU
           Filas -> Cap: 0/200 (Drops: 0) | YOLO: 0/5 (Drops: 0)
           Estado: IDLE (Detecções ativas: 0)
           Restarts: Cap(0), YOLO(0), Rec(0)
2026-08-26 14:59:17 [INFO] 
[Métricas] RTSP: OFF | Câmera FPS: 25.0 | RAM: 51.38 MB | CPU
           Filas -> Cap: 0/200 (Drops: 0) | YOLO: 0/5 (Drops: 0)
           Estado: IDLE (Detecções ativas: 0)
           Restarts: Cap(0), YOLO(0), Rec(0)
2026-08-26 14:59:27 [INFO] 
[Métricas] RTSP: OFF | Câmera FPS: 25.0 | RAM: 51.38 MB | CPU
           Filas -> Cap: 0/200 (Drops: 0) | YOLO: 0/5 (Drops: 0)
           Estado: IDLE (Detecções ativas: 0)
           Restarts: Cap(0), YOLO(0), Rec(0)
2026-08-26 14:59:37 [INFO] 
[Métricas] RTSP: OFF | Câmera FPS: 25.0 | RAM: 51.38 MB | CPU
           Filas -> Cap: 0/200 (Drops: 0) | YOLO: 0/5 (Drops: 0)
           Estado: IDLE (Detecções ativas: 0)
           Restarts: Cap(0), YOLO(0), Rec(0)
2026-08-26 14:59:47 [INFO] 
[Métricas] RTSP: OFF | Câmera FPS: 25.0 | RAM: 51.38 MB | CPU
           Filas -> Cap: 0/200 (Drops: 0) | YOLO: 0/5 (Drops: 0)
           Estado: IDLE (Detecções ativas: 0)
           Restarts: Cap(0), YOLO(0), Rec(0)
2026-08-26 14:59:57 [INFO] 
[Métricas] RTSP: OFF | Câmera FPS: 25.0 | RAM: 51.38 MB | CPU
           Filas -> Cap: 0/200 (Drops: 0) | YOLO: 0/5 (Drops: 0)
           Estado: IDLE (Detecções ativas: 0)
           Restarts: Cap(0), YOLO(0), Rec(0)
2026-08-26 15:00:07 [INFO] 
[Métricas] RTSP: OFF | Câmera FPS: 25.0 | RAM: 51.38 MB | CPU
           Filas -> Cap: 0/200 (Drops: 0) | YOLO: 0/5 (Drops: 0)
           Estado: IDLE (Detecções ativas: 0)
           Restarts: Cap(0), YOLO(0), Rec(0)
2026-08-26 15:00:17 [INFO] 
[Métricas] RTSP: OFF | Câmera FPS: 25.0 | RAM: 51.38 MB | CPU
           Filas -> Cap: 0/200 (Drops: 0) | YOLO: 0/5 (Drops: 0)
           Estado: IDLE (Detecções ativas: 0)
           Restarts: Cap(0), YOLO(0), Rec(0)
2026-08-26 15:00:27 [INFO] 
[Métricas] RTSP: OFF | Câmera FPS: 25.0 | RAM: 50.99 MB | CPU
           Filas -> Cap: 0/200 (Drops: 0) | YOLO: 0/5 (Drops: 0)
           Estado: IDLE (Detecções ativas: 0)
           Restarts: Cap(0), YOLO(0), Rec(0)
2026-08-26 15:00:37 [INFO] 
[Métricas] RTSP: OFF | Câmera FPS: 25.0 | RAM: 50.99 MB | CPU
           Filas -> Cap: 0/200 (Drops: 0) | YOLO: 0/5 (Drops: 0)
           Estado: IDLE (Detecções ativas: 0)
           Restarts: Cap(0), YOLO(0), Rec(0)
2026-08-26 15:00:47 [INFO] 
[Métricas] RTSP: OFF | Câmera FPS: 25.0 | RAM: 50.99 MB | CPU
           Filas -> Cap: 0/200 (Drops: 0) | YOLO: 0/5 (Drops: 0)
           Estado: IDLE (Detecções ativas: 0)
           Restarts: Cap(0), YOLO(0), Rec(0)
2026-08-26 15:00:57 [INFO] 
[Métricas] RTSP: OFF | Câmera FPS: 25.0 | RAM: 50.99 MB | CPU
           Filas -> Cap: 0/200 (Drops: 0) | YOLO: 0/5 (Drops: 0)
           Estado: IDLE (Detecções ativas: 0)
           Restarts: Cap(0), YOLO(0), Rec(0)
2026-08-26 15:01:07 [INFO] 
[Métricas] RTSP: OFF | Câmera FPS: 25.0 | RAM: 50.99 MB | CPU
           Filas -> Cap: 0/200 (Drops: 0) | YOLO: 0/5 (Drops: 0)
           Estado: IDLE (Detecções ativas: 0)
           Restarts: Cap(0), YOLO(0), Rec(0)
2026-08-26 15:01:17 [INFO] 
[Métricas] RTSP: OFF | Câmera FPS: 25.0 | RAM: 50.99 MB | CPU
           Filas -> Cap: 0/200 (Drops: 0) | YOLO: 0/5 (Drops: 0)
           Estado: IDLE (Detecções ativas: 0)
           Restarts: Cap(0), YOLO(0), Rec(0)
2026-08-26 15:01:27 [INFO] 
[Métricas] RTSP: OFF | Câmera FPS: 25.0 | RAM: 50.99 MB | CPU
           Filas -> Cap: 0/200 (Drops: 0) | YOLO: 0/5 (Drops: 0)
           Estado: IDLE (Detecções ativas: 0)
           Restarts: Cap(0), YOLO(0), Rec(0)
2026-08-26 15:01:37 [INFO] 
[Métricas] RTSP: OFF | Câmera FPS: 25.0 | RAM: 50.99 MB | CPU
           Filas -> Cap: 0/200 (Drops: 0) | YOLO: 0/5 (Drops: 0)
           Estado: IDLE (Detecções ativas: 0)
           Restarts: Cap(0), YOLO(0), Rec(0)
2026-08-26 15:01:47 [INFO] 
[Métricas] RTSP: OFF | Câmera FPS: 25.0 | RAM: 50.99 MB | CPU
           Filas -> Cap: 0/200 (Drops: 0) | YOLO: 0/5 (Drops: 0)
           Estado: IDLE (Detecções ativas: 0)
           Restarts: Cap(0), YOLO(0), Rec(0)
2026-08-26 15:01:57 [INFO] 
[Métricas] RTSP: OFF | Câmera FPS: 25.0 | RAM: 50.99 MB | CPU
           Filas -> Cap: 0/200 (Drops: 0) | YOLO: 0/5 (Drops: 0)
           Estado: IDLE (Detecções ativas: 0)
           Restarts: Cap(0), YOLO(0), Rec(0)
2026-08-26 15:02:07 [INFO] 
[Métricas] RTSP: OFF | Câmera FPS: 25.0 | RAM: 50.99 MB | CPU
           Filas -> Cap: 0/200 (Drops: 0) | YOLO: 0/5 (Drops: 0)
           Estado: IDLE (Detecções ativas: 0)
           Restarts: Cap(0), YOLO(0), Rec(0)
2026-08-26 15:02:17 [INFO] 
[Métricas] RTSP: OFF | Câmera FPS: 25.0 | RAM: 50.99 MB | CPU
           Filas -> Cap: 0/200 (Drops: 0) | YOLO: 0/5 (Drops: 0)
           Estado: IDLE (Detecções ativas: 0)
           Restarts: Cap(0), YOLO(0), Rec(0)
2026-08-26 15:02:27 [INFO] 
[Métricas] RTSP: OFF | Câmera FPS: 25.0 | RAM: 50.99 MB | CPU
           Filas -> Cap: 0/200 (Drops: 0) | YOLO: 0/5 (Drops: 0)
           Estado: IDLE (Detecções ativas: 0)
           Restarts: Cap(0), YOLO(0), Rec(0)
2026-08-26 15:02:37 [INFO] 
[Métricas] RTSP: OFF | Câmera FPS: 25.0 | RAM: 50.99 MB | CPU
           Filas -> Cap: 0/200 (Drops: 0) | YOLO: 0/5 (Drops: 0)
           Estado: IDLE (Detecções ativas: 0)
           Restarts: Cap(0), YOLO(0), Rec(0)
2026-08-26 15:02:47 [INFO] 
[Métricas] RTSP: OFF | Câmera FPS: 25.0 | RAM: 50.99 MB | CPU
           Filas -> Cap: 0/200 (Drops: 0) | YOLO: 0/5 (Drops: 0)
           Estado: IDLE (Detecções ativas: 0)
           Restarts: Cap(0), YOLO(0), Rec(0)
2026-08-26 15:02:57 [INFO] 
[Métricas] RTSP: OFF | Câmera FPS: 25.0 | RAM: 50.99 MB | CPU
           Filas -> Cap: 0/200 (Drops: 0) | YOLO: 0/5 (Drops: 0)
           Estado: IDLE (Detecções ativas: 0)
           Restarts: Cap(0), YOLO(0), Rec(0)
2026-08-26 15:03:07 [INFO] 
[Métricas] RTSP: OFF | Câmera FPS: 25.0 | RAM: 50.99 MB | CPU
           Filas -> Cap: 0/200 (Drops: 0) | YOLO: 0/5 (Drops: 0)
           Estado: IDLE (Detecções ativas: 0)
           Restarts: Cap(0), YOLO(0), Rec(0)
2026-08-26 15:03:17 [INFO] 
[Métricas] RTSP: OFF | Câmera FPS: 25.0 | RAM: 50.99 MB | CPU
           Filas -> Cap: 0/200 (Drops: 0) | YOLO: 0/5 (Drops: 0)
           Estado: IDLE (Detecções ativas: 0)
           Restarts: Cap(0), YOLO(0), Rec(0)
2026-08-26 15:03:27 [INFO] 
[Métricas] RTSP: OFF | Câmera FPS: 25.0 | RAM: 50.99 MB | CPU
           Filas -> Cap: 0/200 (Drops: 0) | YOLO: 0/5 (Drops: 0)
           Estado: IDLE (Detecções ativas: 0)
           Restarts: Cap(0), YOLO(0), Rec(0)
2026-08-26 15:03:37 [INFO] 
[Métricas] RTSP: OFF | Câmera FPS: 25.0 | RAM: 50.99 MB | CPU
           Filas -> Cap: 0/200 (Drops: 0) | YOLO: 0/5 (Drops: 0)
           Estado: IDLE (Detecções ativas: 0)
           Restarts: Cap(0), YOLO(0), Rec(0)
2026-08-26 15:03:48 [INFO] 
[Métricas] RTSP: OFF | Câmera FPS: 25.0 | RAM: 50.99 MB | CPU
           Filas -> Cap: 0/200 (Drops: 0) | YOLO: 0/5 (Drops: 0)
           Estado: IDLE (Detecções ativas: 0)
           Restarts: Cap(0), YOLO(0), Rec(0)
2026-08-26 15:03:58 [INFO] 
[Métricas] RTSP: OFF | Câmera FPS: 25.0 | RAM: 50.99 MB | CPU
           Filas -> Cap: 0/200 (Drops: 0) | YOLO: 0/5 (Drops: 0)
           Estado: IDLE (Detecções ativas: 0)
           Restarts: Cap(0), YOLO(0), Rec(0)
2026-08-26 15:04:08 [INFO] 
[Métricas] RTSP: OFF | Câmera FPS: 25.0 | RAM: 50.99 MB | CPU
           Filas -> Cap: 0/200 (Drops: 0) | YOLO: 0/5 (Drops: 0)
           Estado: IDLE (Detecções ativas: 0)
           Restarts: Cap(0), YOLO(0), Rec(0)
2026-08-26 15:04:18 [INFO] 
[Métricas] RTSP: OFF | Câmera FPS: 25.0 | RAM: 50.99 MB | CPU
           Filas -> Cap: 0/200 (Drops: 0) | YOLO: 0/5 (Drops: 0)
           Estado: IDLE (Detecções ativas: 0)
           Restarts: Cap(0), YOLO(0), Rec(0)
2026-08-26 15:04:28 [INFO] 
[Métricas] RTSP: OFF | Câmera FPS: 25.0 | RAM: 50.99 MB | CPU
           Filas -> Cap: 0/200 (Drops: 0) | YOLO: 0/5 (Drops: 0)
           Estado: IDLE (Detecções ativas: 0)
           Restarts: Cap(0), YOLO(0), Rec(0)
2026-08-26 15:04:38 [INFO] 
[Métricas] RTSP: OFF | Câmera FPS: 25.0 | RAM: 50.99 MB | CPU
           Filas -> Cap: 0/200 (Drops: 0) | YOLO: 0/5 (Drops: 0)
           Estado: IDLE (Detecções ativas: 0)
           Restarts: Cap(0), YOLO(0), Rec(0)
2026-08-26 15:04:48 [INFO] 
[Métricas] RTSP: OFF | Câmera FPS: 25.0 | RAM: 50.99 MB | CPU
           Filas -> Cap: 0/200 (Drops: 0) | YOLO: 0/5 (Drops: 0)
           Estado: IDLE (Detecções ativas: 0)
           Restarts: Cap(0), YOLO(0), Rec(0)
2026-08-26 15:04:58 [INFO] 
[Métricas] RTSP: OFF | Câmera FPS: 25.0 | RAM: 50.99 MB | CPU
           Filas -> Cap: 0/200 (Drops: 0) | YOLO: 0/5 (Drops: 0)
           Estado: IDLE (Detecções ativas: 0)
           Restarts: Cap(0), YOLO(0), Rec(0)
2026-08-26 15:05:08 [INFO] 
[Métricas] RTSP: OFF | Câmera FPS: 25.0 | RAM: 50.99 MB | CPU
           Filas -> Cap: 0/200 (Drops: 0) | YOLO: 0/5 (Drops: 0)
           Estado: IDLE (Detecções ativas: 0)
           Restarts: Cap(0), YOLO(0), Rec(0)
2026-08-26 15:05:18 [INFO] 
[Métricas] RTSP: OFF | Câmera FPS: 25.0 | RAM: 50.99 MB | CPU
           Filas -> Cap: 0/200 (Drops: 0) | YOLO: 0/5 (Drops: 0)
           Estado: IDLE (Detecções ativas: 0)
           Restarts: Cap(0), YOLO(0), Rec(0)
2026-08-26 15:05:28 [INFO] 
[Métricas] RTSP: OFF | Câmera FPS: 25.0 | RAM: 50.59 MB | CPU
           Filas -> Cap: 0/200 (Drops: 0) | YOLO: 0/5 (Drops: 0)
           Estado: IDLE (Detecções ativas: 0)
           Restarts: Cap(0), YOLO(0), Rec(0)
2026-08-26 15:05:38 [INFO] 
[Métricas] RTSP: OFF | Câmera FPS: 25.0 | RAM: 50.59 MB | CPU
           Filas -> Cap: 0/200 (Drops: 0) | YOLO: 0/5 (Drops: 0)
           Estado: IDLE (Detecções ativas: 0)
           Restarts: Cap(0), YOLO(0), Rec(0)
2026-08-26 15:05:48 [INFO] 
[Métricas] RTSP: OFF | Câmera FPS: 25.0 | RAM: 50.59 MB | CPU
           Filas -> Cap: 0/200 (Drops: 0) | YOLO: 0/5 (Drops: 0)
           Estado: IDLE (Detecções ativas: 0)
           Restarts: Cap(0), YOLO(0), Rec(0)
2026-08-26 15:05:58 [INFO] 
[Métricas] RTSP: OFF | Câmera FPS: 25.0 | RAM: 50.59 MB | CPU
           Filas -> Cap: 0/200 (Drops: 0) | YOLO: 0/5 (Drops: 0)
           Estado: IDLE (Detecções ativas: 0)
           Restarts: Cap(0), YOLO(0), Rec(0)
2026-08-26 15:06:08 [INFO] 
[Métricas] RTSP: OFF | Câmera FPS: 25.0 | RAM: 50.59 MB | CPU
           Filas -> Cap: 0/200 (Drops: 0) | YOLO: 0/5 (Drops: 0)
           Estado: IDLE (Detecções ativas: 0)
           Restarts: Cap(0), YOLO(0), Rec(0)
2026-08-26 15:06:18 [INFO] 
[Métricas] RTSP: OFF | Câmera FPS: 25.0 | RAM: 50.59 MB | CPU
           Filas -> Cap: 0/200 (Drops: 0) | YOLO: 0/5 (Drops: 0)
           Estado: IDLE (Detecções ativas: 0)
           Restarts: Cap(0), YOLO(0), Rec(0)
2026-08-26 15:06:28 [INFO] 
[Métricas] RTSP: OFF | Câmera FPS: 25.0 | RAM: 50.59 MB | CPU
           Filas -> Cap: 0/200 (Drops: 0) | YOLO: 0/5 (Drops: 0)
           Estado: IDLE (Detecções ativas: 0)
           Restarts: Cap(0), YOLO(0), Rec(0)
2026-08-26 15:06:38 [INFO] 
[Métricas] RTSP: OFF | Câmera FPS: 25.0 | RAM: 50.59 MB | CPU
           Filas -> Cap: 0/200 (Drops: 0) | YOLO: 0/5 (Drops: 0)
           Estado: IDLE (Detecções ativas: 0)
           Restarts: Cap(0), YOLO(0), Rec(0)
2026-08-26 15:06:48 [INFO] 
[Métricas] RTSP: OFF | Câmera FPS: 25.0 | RAM: 50.59 MB | CPU
           Filas -> Cap: 0/200 (Drops: 0) | YOLO: 0/5 (Drops: 0)
           Estado: IDLE (Detecções ativas: 0)
           Restarts: Cap(0), YOLO(0), Rec(0)
2026-08-26 15:06:58 [INFO] 
[Métricas] RTSP: OFF | Câmera FPS: 25.0 | RAM: 50.59 MB | CPU
           Filas -> Cap: 0/200 (Drops: 0) | YOLO: 0/5 (Drops: 0)
           Estado: IDLE (Detecções ativas: 0)
           Restarts: Cap(0), YOLO(0), Rec(0)
2026-08-26 15:07:08 [INFO] 
[Métricas] RTSP: OFF | Câmera FPS: 25.0 | RAM: 50.59 MB | CPU
           Filas -> Cap: 0/200 (Drops: 0) | YOLO: 0/5 (Drops: 0)
           Estado: IDLE (Detecções ativas: 0)
           Restarts: Cap(0), YOLO(0), Rec(0)
2026-08-26 15:07:18 [INFO] 
[Métricas] RTSP: OFF | Câmera FPS: 25.0 | RAM: 50.59 MB | CPU
           Filas -> Cap: 0/200 (Drops: 0) | YOLO: 0/5 (Drops: 0)
           Estado: IDLE (Detecções ativas: 0)
           Restarts: Cap(0), YOLO(0), Rec(0)
2026-08-26 15:07:28 [INFO] 
[Métricas] RTSP: OFF | Câmera FPS: 25.0 | RAM: 50.59 MB | CPU
           Filas -> Cap: 0/200 (Drops: 0) | YOLO: 0/5 (Drops: 0)
           Estado: IDLE (Detecções ativas: 0)
           Restarts: Cap(0), YOLO(0), Rec(0)
2026-08-26 15:07:38 [INFO] 
[Métricas] RTSP: OFF | Câmera FPS: 25.0 | RAM: 50.59 MB | CPU
           Filas -> Cap: 0/200 (Drops: 0) | YOLO: 0/5 (Drops: 0)
           Estado: IDLE (Detecções ativas: 0)
           Restarts: Cap(0), YOLO(0), Rec(0)
2026-08-26 15:07:48 [INFO] 
[Métricas] RTSP: OFF | Câmera FPS: 25.0 | RAM: 50.59 MB | CPU
           Filas -> Cap: 0/200 (Drops: 0) | YOLO: 0/5 (Drops: 0)
           Estado: IDLE (Detecções ativas: 0)
           Restarts: Cap(0), YOLO(0), Rec(0)
2026-08-26 15:07:58 [INFO] 
[Métricas] RTSP: OFF | Câmera FPS: 25.0 | RAM: 50.59 MB | CPU
           Filas -> Cap: 0/200 (Drops: 0) | YOLO: 0/5 (Drops: 0)
           Estado: IDLE (Detecções ativas: 0)
           Restarts: Cap(0), YOLO(0), Rec(0)
2026-08-26 15:08:08 [INFO] 
[Métricas] RTSP: OFF | Câmera FPS: 25.0 | RAM: 50.59 MB | CPU
           Filas -> Cap: 0/200 (Drops: 0) | YOLO: 0/5 (Drops: 0)
           Estado: IDLE (Detecções ativas: 0)
           Restarts: Cap(0), YOLO(0), Rec(0)
2026-08-26 15:08:18 [INFO] 
[Métricas] RTSP: OFF | Câmera FPS: 25.0 | RAM: 50.59 MB | CPU
           Filas -> Cap: 0/200 (Drops: 0) | YOLO: 0/5 (Drops: 0)
           Estado: IDLE (Detecções ativas: 0)
           Restarts: Cap(0), YOLO(0), Rec(0)
2026-08-26 15:08:28 [INFO] 
[Métricas] RTSP: OFF | Câmera FPS: 25.0 | RAM: 50.59 MB | CPU
           Filas -> Cap: 0/200 (Drops: 0) | YOLO: 0/5 (Drops: 0)
           Estado: IDLE (Detecções ativas: 0)
           Restarts: Cap(0), YOLO(0), Rec(0)
2026-08-26 15:08:38 [INFO] 
[Métricas] RTSP: OFF | Câmera FPS: 25.0 | RAM: 50.59 MB | CPU
           Filas -> Cap: 0/200 (Drops: 0) | YOLO: 0/5 (Drops: 0)
           Estado: IDLE (Detecções ativas: 0)
           Restarts: Cap(0), YOLO(0), Rec(0)
2026-08-26 15:08:48 [INFO] 
[Métricas] RTSP: OFF | Câmera FPS: 25.0 | RAM: 50.59 MB | CPU
           Filas -> Cap: 0/200 (Drops: 0) | YOLO: 0/5 (Drops: 0)
           Estado: IDLE (Detecções ativas: 0)
           Restarts: Cap(0), YOLO(0), Rec(0)
2026-08-26 15:08:58 [INFO] 
[Métricas] RTSP: OFF | Câmera FPS: 25.0 | RAM: 50.59 MB | CPU
           Filas -> Cap: 0/200 (Drops: 0) | YOLO: 0/5 (Drops: 0)
           Estado: IDLE (Detecções ativas: 0)
           Restarts: Cap(0), YOLO(0), Rec(0)
2026-08-26 15:09:08 [INFO] 
[Métricas] RTSP: OFF | Câmera FPS: 25.0 | RAM: 50.59 MB | CPU
           Filas -> Cap: 0/200 (Drops: 0) | YOLO: 0/5 (Drops: 0)
           Estado: IDLE (Detecções ativas: 0)
           Restarts: Cap(0), YOLO(0), Rec(0)
2026-08-26 15:09:18 [INFO] 
[Métricas] RTSP: OFF | Câmera FPS: 25.0 | RAM: 50.59 MB | CPU
           Filas -> Cap: 0/200 (Drops: 0) | YOLO: 0/5 (Drops: 0)
           Estado: IDLE (Detecções ativas: 0)
           Restarts: Cap(0), YOLO(0), Rec(0)
2026-08-26 15:09:28 [INFO] 
[Métricas] RTSP: OFF | Câmera FPS: 25.0 | RAM: 50.59 MB | CPU
           Filas -> Cap: 0/200 (Drops: 0) | YOLO: 0/5 (Drops: 0)
           Estado: IDLE (Detecções ativas: 0)
           Restarts: Cap(0), YOLO(0), Rec(0)
2026-08-26 15:09:38 [INFO] 
[Métricas] RTSP: OFF | Câmera FPS: 25.0 | RAM: 50.59 MB | CPU
           Filas -> Cap: 0/200 (Drops: 0) | YOLO: 0/5 (Drops: 0)
           Estado: IDLE (Detecções ativas: 0)
           Restarts: Cap(0), YOLO(0), Rec(0)
2026-08-26 15:09:48 [INFO] 
[Métricas] RTSP: OFF | Câmera FPS: 25.0 | RAM: 50.59 MB | CPU
           Filas -> Cap: 0/200 (Drops: 0) | YOLO: 0/5 (Drops: 0)
           Estado: IDLE (Detecções ativas: 0)
           Restarts: Cap(0), YOLO(0), Rec(0)
2026-08-26 15:09:58 [INFO] 
[Métricas] RTSP: OFF | Câmera FPS: 25.0 | RAM: 50.59 MB | CPU
           Filas -> Cap: 0/200 (Drops: 0) | YOLO: 0/5 (Drops: 0)
           Estado: IDLE (Detecções ativas: 0)
           Restarts: Cap(0), YOLO(0), Rec(0)
2026-08-26 15:10:08 [INFO] 
[Métricas] RTSP: OFF | Câmera FPS: 25.0 | RAM: 50.59 MB | CPU
           Filas -> Cap: 0/200 (Drops: 0) | YOLO: 0/5 (Drops: 0)
           Estado: IDLE (Detecções ativas: 0)
           Restarts: Cap(0), YOLO(0), Rec(0)
2026-08-26 15:10:18 [INFO] 
[Métricas] RTSP: OFF | Câmera FPS: 25.0 | RAM: 50.59 MB | CPU
           Filas -> Cap: 0/200 (Drops: 0) | YOLO: 0/5 (Drops: 0)
           Estado: IDLE (Detecções ativas: 0)
           Restarts: Cap(0), YOLO(0), Rec(0)
2026-08-26 15:10:28 [INFO] 
[Métricas] RTSP: OFF | Câmera FPS: 25.0 | RAM: 49.89 MB | CPU
           Filas -> Cap: 0/200 (Drops: 0) | YOLO: 0/5 (Drops: 0)
           Estado: IDLE (Detecções ativas: 0)
           Restarts: Cap(0), YOLO(0), Rec(0)
2026-08-26 15:10:38 [INFO] 
[Métricas] RTSP: OFF | Câmera FPS: 25.0 | RAM: 49.89 MB | CPU
           Filas -> Cap: 0/200 (Drops: 0) | YOLO: 0/5 (Drops: 0)
           Estado: IDLE (Detecções ativas: 0)
           Restarts: Cap(0), YOLO(0), Rec(0)
2026-08-26 15:10:48 [INFO] 
[Métricas] RTSP: OFF | Câmera FPS: 25.0 | RAM: 49.89 MB | CPU
           Filas -> Cap: 0/200 (Drops: 0) | YOLO: 0/5 (Drops: 0)
           Estado: IDLE (Detecções ativas: 0)
           Restarts: Cap(0), YOLO(0), Rec(0)
2026-08-26 15:10:58 [INFO] 
[Métricas] RTSP: OFF | Câmera FPS: 25.0 | RAM: 49.89 MB | CPU
           Filas -> Cap: 0/200 (Drops: 0) | YOLO: 0/5 (Drops: 0)
           Estado: IDLE (Detecções ativas: 0)
           Restarts: Cap(0), YOLO(0), Rec(0)
2026-08-26 15:11:08 [INFO] 
[Métricas] RTSP: OFF | Câmera FPS: 25.0 | RAM: 49.89 MB | CPU
           Filas -> Cap: 0/200 (Drops: 0) | YOLO: 0/5 (Drops: 0)
           Estado: IDLE (Detecções ativas: 0)
           Restarts: Cap(0), YOLO(0), Rec(0)
2026-08-26 15:11:18 [INFO] 
[Métricas] RTSP: OFF | Câmera FPS: 25.0 | RAM: 49.89 MB | CPU
           Filas -> Cap: 0/200 (Drops: 0) | YOLO: 0/5 (Drops: 0)
           Estado: IDLE (Detecções ativas: 0)
           Restarts: Cap(0), YOLO(0), Rec(0)
2026-08-26 15:11:28 [INFO] 
[Métricas] RTSP: OFF | Câmera FPS: 25.0 | RAM: 49.89 MB | CPU
           Filas -> Cap: 0/200 (Drops: 0) | YOLO: 0/5 (Drops: 0)
           Estado: IDLE (Detecções ativas: 0)
           Restarts: Cap(0), YOLO(0), Rec(0)
2026-08-26 15:11:38 [INFO] 
[Métricas] RTSP: OFF | Câmera FPS: 25.0 | RAM: 49.89 MB | CPU
           Filas -> Cap: 0/200 (Drops: 0) | YOLO: 0/5 (Drops: 0)
           Estado: IDLE (Detecções ativas: 0)
           Restarts: Cap(0), YOLO(0), Rec(0)
2026-08-26 15:11:48 [INFO] 
[Métricas] RTSP: OFF | Câmera FPS: 25.0 | RAM: 49.89 MB | CPU
           Filas -> Cap: 0/200 (Drops: 0) | YOLO: 0/5 (Drops: 0)
           Estado: IDLE (Detecções ativas: 0)
           Restarts: Cap(0), YOLO(0), Rec(0)
2026-08-26 15:11:58 [INFO] 
[Métricas] RTSP: OFF | Câmera FPS: 25.0 | RAM: 49.89 MB | CPU
           Filas -> Cap: 0/200 (Drops: 0) | YOLO: 0/5 (Drops: 0)
           Estado: IDLE (Detecções ativas: 0)
           Restarts: Cap(0), YOLO(0), Rec(0)
2026-08-26 15:12:08 [INFO] 
[Métricas] RTSP: OFF | Câmera FPS: 25.0 | RAM: 49.89 MB | CPU
           Filas -> Cap: 0/200 (Drops: 0) | YOLO: 0/5 (Drops: 0)
           Estado: IDLE (Detecções ativas: 0)
           Restarts: Cap(0), YOLO(0), Rec(0)
2026-08-26 15:12:18 [INFO] 
[Métricas] RTSP: OFF | Câmera FPS: 25.0 | RAM: 49.91 MB | CPU
           Filas -> Cap: 0/200 (Drops: 0) | YOLO: 0/5 (Drops: 0)
           Estado: IDLE (Detecções ativas: 0)
           Restarts: Cap(0), YOLO(0), Rec(0)
2026-08-26 15:12:28 [INFO] 
[Métricas] RTSP: OFF | Câmera FPS: 25.0 | RAM: 49.91 MB | CPU
           Filas -> Cap: 0/200 (Drops: 0) | YOLO: 0/5 (Drops: 0)
           Estado: IDLE (Detecções ativas: 0)
           Restarts: Cap(0), YOLO(0), Rec(0)
2026-08-26 15:12:38 [INFO] 
[Métricas] RTSP: OFF | Câmera FPS: 25.0 | RAM: 49.91 MB | CPU
           Filas -> Cap: 0/200 (Drops: 0) | YOLO: 0/5 (Drops: 0)
           Estado: IDLE (Detecções ativas: 0)
           Restarts: Cap(0), YOLO(0), Rec(0)
2026-08-26 15:12:48 [INFO] 
[Métricas] RTSP: OFF | Câmera FPS: 25.0 | RAM: 49.91 MB | CPU
           Filas -> Cap: 0/200 (Drops: 0) | YOLO: 0/5 (Drops: 0)
           Estado: IDLE (Detecções ativas: 0)
           Restarts: Cap(0), YOLO(0), Rec(0)
2026-08-26 15:12:58 [INFO] 
[Métricas] RTSP: OFF | Câmera FPS: 25.0 | RAM: 49.91 MB | CPU
           Filas -> Cap: 0/200 (Drops: 0) | YOLO: 0/5 (Drops: 0)
           Estado: IDLE (Detecções ativas: 0)
           Restarts: Cap(0), YOLO(0), Rec(0)
2026-08-26 15:13:08 [INFO] 
[Métricas] RTSP: OFF | Câmera FPS: 25.0 | RAM: 49.91 MB | CPU
           Filas -> Cap: 0/200 (Drops: 0) | YOLO: 0/5 (Drops: 0)
           Estado: IDLE (Detecções ativas: 0)
           Restarts: Cap(0), YOLO(0), Rec(0)
2026-08-26 15:13:18 [INFO] 
[Métricas] RTSP: OFF | Câmera FPS: 25.0 | RAM: 49.91 MB | CPU
           Filas -> Cap: 0/200 (Drops: 0) | YOLO: 0/5 (Drops: 0)
           Estado: IDLE (Detecções ativas: 0)
           Restarts: Cap(0), YOLO(0), Rec(0)
2026-08-26 15:13:28 [INFO] 
[Métricas] RTSP: OFF | Câmera FPS: 25.0 | RAM: 49.91 MB | CPU
           Filas -> Cap: 0/200 (Drops: 0) | YOLO: 0/5 (Drops: 0)
           Estado: IDLE (Detecções ativas: 0)
           Restarts: Cap(0), YOLO(0), Rec(0)
2026-08-26 15:13:38 [INFO] 
[Métricas] RTSP: OFF | Câmera FPS: 25.0 | RAM: 49.91 MB | CPU
           Filas -> Cap: 0/200 (Drops: 0) | YOLO: 0/5 (Drops: 0)
           Estado: IDLE (Detecções ativas: 0)
           Restarts: Cap(0), YOLO(0), Rec(0)
2026-08-26 15:13:48 [INFO] 
[Métricas] RTSP: OFF | Câmera FPS: 25.0 | RAM: 49.91 MB | CPU
           Filas -> Cap: 0/200 (Drops: 0) | YOLO: 0/5 (Drops: 0)
           Estado: IDLE (Detecções ativas: 0)
           Restarts: Cap(0), YOLO(0), Rec(0)
2026-08-26 15:13:58 [INFO] 
[Métricas] RTSP: OFF | Câmera FPS: 25.0 | RAM: 49.91 MB | CPU
           Filas -> Cap: 0/200 (Drops: 0) | YOLO: 0/5 (Drops: 0)
           Estado: IDLE (Detecções ativas: 0)
           Restarts: Cap(0), YOLO(0), Rec(0)
2026-08-26 15:14:08 [INFO] 
[Métricas] RTSP: OFF | Câmera FPS: 25.0 | RAM: 49.91 MB | CPU
           Filas -> Cap: 0/200 (Drops: 0) | YOLO: 0/5 (Drops: 0)
           Estado: IDLE (Detecções ativas: 0)
           Restarts: Cap(0), YOLO(0), Rec(0)
2026-08-26 15:14:18 [INFO] 
[Métricas] RTSP: OFF | Câmera FPS: 25.0 | RAM: 49.91 MB | CPU
           Filas -> Cap: 0/200 (Drops: 0) | YOLO: 0/5 (Drops: 0)
           Estado: IDLE (Detecções ativas: 0)
           Restarts: Cap(0), YOLO(0), Rec(0)
2026-08-26 15:14:28 [INFO] 
[Métricas] RTSP: OFF | Câmera FPS: 25.0 | RAM: 49.91 MB | CPU
           Filas -> Cap: 0/200 (Drops: 0) | YOLO: 0/5 (Drops: 0)
           Estado: IDLE (Detecções ativas: 0)
           Restarts: Cap(0), YOLO(0), Rec(0)
2026-08-26 15:14:38 [INFO] 
[Métricas] RTSP: OFF | Câmera FPS: 25.0 | RAM: 49.91 MB | CPU
           Filas -> Cap: 0/200 (Drops: 0) | YOLO: 0/5 (Drops: 0)
           Estado: IDLE (Detecções ativas: 0)
           Restarts: Cap(0), YOLO(0), Rec(0)
2026-08-26 15:14:48 [INFO] 
[Métricas] RTSP: OFF | Câmera FPS: 25.0 | RAM: 49.91 MB | CPU
           Filas -> Cap: 0/200 (Drops: 0) | YOLO: 0/5 (Drops: 0)
           Estado: IDLE (Detecções ativas: 0)
           Restarts: Cap(0), YOLO(0), Rec(0)
2026-08-26 15:14:58 [INFO] 
[Métricas] RTSP: OFF | Câmera FPS: 25.0 | RAM: 49.91 MB | CPU
           Filas -> Cap: 0/200 (Drops: 0) | YOLO: 0/5 (Drops: 0)
           Estado: IDLE (Detecções ativas: 0)
           Restarts: Cap(0), YOLO(0), Rec(0)
2026-08-26 15:15:08 [INFO] 
[Métricas] RTSP: OFF | Câmera FPS: 25.0 | RAM: 49.91 MB | CPU
           Filas -> Cap: 0/200 (Drops: 0) | YOLO: 0/5 (Drops: 0)
           Estado: IDLE (Detecções ativas: 0)
           Restarts: Cap(0), YOLO(0), Rec(0)
2026-08-26 15:15:18 [INFO] 
[Métricas] RTSP: OFF | Câmera FPS: 25.0 | RAM: 49.91 MB | CPU
           Filas -> Cap: 0/200 (Drops: 0) | YOLO: 0/5 (Drops: 0)
           Estado: IDLE (Detecções ativas: 0)
           Restarts: Cap(0), YOLO(0), Rec(0)
2026-08-26 15:15:28 [INFO] 
[Métricas] RTSP: OFF | Câmera FPS: 25.0 | RAM: 49.91 MB | CPU
           Filas -> Cap: 0/200 (Drops: 0) | YOLO: 0/5 (Drops: 0)
           Estado: IDLE (Detecções ativas: 0)
           Restarts: Cap(0), YOLO(0), Rec(0)
2026-08-26 15:15:38 [INFO] 
[Métricas] RTSP: OFF | Câmera FPS: 25.0 | RAM: 49.91 MB | CPU
           Filas -> Cap: 0/200 (Drops: 0) | YOLO: 0/5 (Drops: 0)
           Estado: IDLE (Detecções ativas: 0)
           Restarts: Cap(0), YOLO(0), Rec(0)
2026-08-26 15:15:48 [INFO] 
[Métricas] RTSP: OFF | Câmera FPS: 25.0 | RAM: 49.91 MB | CPU
           Filas -> Cap: 0/200 (Drops: 0) | YOLO: 0/5 (Drops: 0)
           Estado: IDLE (Detecções ativas: 0)
           Restarts: Cap(0), YOLO(0), Rec(0)
2026-08-26 15:15:58 [INFO] 
[Métricas] RTSP: OFF | Câmera FPS: 25.0 | RAM: 49.91 MB | CPU
           Filas -> Cap: 0/200 (Drops: 0) | YOLO: 0/5 (Drops: 0)
           Estado: IDLE (Detecções ativas: 0)
           Restarts: Cap(0), YOLO(0), Rec(0)
2026-08-26 15:16:08 [INFO] 
[Métricas] RTSP: OFF | Câmera FPS: 25.0 | RAM: 49.91 MB | CPU
           Filas -> Cap: 0/200 (Drops: 0) | YOLO: 0/5 (Drops: 0)
           Estado: IDLE (Detecções ativas: 0)
           Restarts: Cap(0), YOLO(0), Rec(0)
2026-08-26 15:16:18 [INFO] 
[Métricas] RTSP: OFF | Câmera FPS: 25.0 | RAM: 49.91 MB | CPU
           Filas -> Cap: 0/200 (Drops: 0) | YOLO: 0/5 (Drops: 0)
           Estado: IDLE (Detecções ativas: 0)
           Restarts: Cap(0), YOLO(0), Rec(0)
2026-08-26 15:16:28 [INFO] 
[Métricas] RTSP: OFF | Câmera FPS: 25.0 | RAM: 49.91 MB | CPU
           Filas -> Cap: 0/200 (Drops: 0) | YOLO: 0/5 (Drops: 0)
           Estado: IDLE (Detecções ativas: 0)
           Restarts: Cap(0), YOLO(0), Rec(0)
2026-08-26 15:16:38 [INFO] 
[Métricas] RTSP: OFF | Câmera FPS: 25.0 | RAM: 49.91 MB | CPU
           Filas -> Cap: 0/200 (Drops: 0) | YOLO: 0/5 (Drops: 0)
           Estado: IDLE (Detecções ativas: 0)
           Restarts: Cap(0), YOLO(0), Rec(0)
2026-08-26 15:16:48 [INFO] 
[Métricas] RTSP: OFF | Câmera FPS: 25.0 | RAM: 49.91 MB | CPU
           Filas -> Cap: 0/200 (Drops: 0) | YOLO: 0/5 (Drops: 0)
           Estado: IDLE (Detecções ativas: 0)
           Restarts: Cap(0), YOLO(0), Rec(0)
2026-08-26 15:16:58 [INFO] 
[Métricas] RTSP: OFF | Câmera FPS: 25.0 | RAM: 49.91 MB | CPU
           Filas -> Cap: 0/200 (Drops: 0) | YOLO: 0/5 (Drops: 0)
           Estado: IDLE (Detecções ativas: 0)
           Restarts: Cap(0), YOLO(0), Rec(0)
2026-08-26 15:17:08 [INFO] 
[Métricas] RTSP: OFF | Câmera FPS: 25.0 | RAM: 49.91 MB | CPU
           Filas -> Cap: 0/200 (Drops: 0) | YOLO: 0/5 (Drops: 0)
           Estado: IDLE (Detecções ativas: 0)
           Restarts: Cap(0), YOLO(0), Rec(0)
2026-08-26 15:17:18 [INFO] 
[Métricas] RTSP: OFF | Câmera FPS: 25.0 | RAM: 49.91 MB | CPU
           Filas -> Cap: 0/200 (Drops: 0) | YOLO: 0/5 (Drops: 0)
           Estado: IDLE (Detecções ativas: 0)
           Restarts: Cap(0), YOLO(0), Rec(0)
2026-08-26 15:17:28 [INFO] 
[Métricas] RTSP: OFF | Câmera FPS: 25.0 | RAM: 49.91 MB | CPU
           Filas -> Cap: 0/200 (Drops: 0) | YOLO: 0/5 (Drops: 0)
           Estado: IDLE (Detecções ativas: 0)
           Restarts: Cap(0), YOLO(0), Rec(0)
2026-08-26 15:17:38 [INFO] 
[Métricas] RTSP: OFF | Câmera FPS: 25.0 | RAM: 49.91 MB | CPU
           Filas -> Cap: 0/200 (Drops: 0) | YOLO: 0/5 (Drops: 0)
           Estado: IDLE (Detecções ativas: 0)
           Restarts: Cap(0), YOLO(0), Rec(0)
2026-08-26 15:17:48 [INFO] 
[Métricas] RTSP: OFF | Câmera FPS: 25.0 | RAM: 49.91 MB | CPU
           Filas -> Cap: 0/200 (Drops: 0) | YOLO: 0/5 (Drops: 0)
           Estado: IDLE (Detecções ativas: 0)
           Restarts: Cap(0), YOLO(0), Rec(0)
2026-08-26 15:17:58 [INFO] 
[Métricas] RTSP: OFF | Câmera FPS: 25.0 | RAM: 49.91 MB | CPU
           Filas -> Cap: 0/200 (Drops: 0) | YOLO: 0/5 (Drops: 0)
           Estado: IDLE (Detecções ativas: 0)
           Restarts: Cap(0), YOLO(0), Rec(0)
2026-08-26 15:18:08 [INFO] 
[Métricas] RTSP: OFF | Câmera FPS: 25.0 | RAM: 49.91 MB | CPU
           Filas -> Cap: 0/200 (Drops: 0) | YOLO: 0/5 (Drops: 0)
           Estado: IDLE (Detecções ativas: 0)
           Restarts: Cap(0), YOLO(0), Rec(0)
2026-08-26 15:18:18 [INFO] 
[Métricas] RTSP: OFF | Câmera FPS: 25.0 | RAM: 49.91 MB | CPU
           Filas -> Cap: 0/200 (Drops: 0) | YOLO: 0/5 (Drops: 0)
           Estado: IDLE (Detecções ativas: 0)
           Restarts: Cap(0), YOLO(0), Rec(0)
2026-08-26 15:18:28 [INFO] 
[Métricas] RTSP: OFF | Câmera FPS: 25.0 | RAM: 49.91 MB | CPU
           Filas -> Cap: 0/200 (Drops: 0) | YOLO: 0/5 (Drops: 0)
           Estado: IDLE (Detecções ativas: 0)
           Restarts: Cap(0), YOLO(0), Rec(0)
2026-08-26 15:18:38 [INFO] 
[Métricas] RTSP: OFF | Câmera FPS: 25.0 | RAM: 49.91 MB | CPU
           Filas -> Cap: 0/200 (Drops: 0) | YOLO: 0/5 (Drops: 0)
           Estado: IDLE (Detecções ativas: 0)
           Restarts: Cap(0), YOLO(0), Rec(0)
2026-08-26 15:18:48 [INFO] 
[Métricas] RTSP: OFF | Câmera FPS: 25.0 | RAM: 49.91 MB | CPU
           Filas -> Cap: 0/200 (Drops: 0) | YOLO: 0/5 (Drops: 0)
           Estado: IDLE (Detecções ativas: 0)
           Restarts: Cap(0), YOLO(0), Rec(0)
2026-08-26 15:18:58 [INFO] 
[Métricas] RTSP: OFF | Câmera FPS: 25.0 | RAM: 49.91 MB | CPU
           Filas -> Cap: 0/200 (Drops: 0) | YOLO: 0/5 (Drops: 0)
           Estado: IDLE (Detecções ativas: 0)
           Restarts: Cap(0), YOLO(0), Rec(0)
2026-08-26 15:19:08 [INFO] 
[Métricas] RTSP: OFF | Câmera FPS: 25.0 | RAM: 49.91 MB | CPU
           Filas -> Cap: 0/200 (Drops: 0) | YOLO: 0/5 (Drops: 0)
           Estado: IDLE (Detecções ativas: 0)
           Restarts: Cap(0), YOLO(0), Rec(0)
2026-08-26 15:19:18 [INFO] 
[Métricas] RTSP: OFF | Câmera FPS: 25.0 | RAM: 49.91 MB | CPU
           Filas -> Cap: 0/200 (Drops: 0) | YOLO: 0/5 (Drops: 0)
           Estado: IDLE (Detecções ativas: 0)
           Restarts: Cap(0), YOLO(0), Rec(0)
2026-08-26 15:19:28 [INFO] 
[Métricas] RTSP: OFF | Câmera FPS: 25.0 | RAM: 49.91 MB | CPU
           Filas -> Cap: 0/200 (Drops: 0) | YOLO: 0/5 (Drops: 0)
           Estado: IDLE (Detecções ativas: 0)
           Restarts: Cap(0), YOLO(0), Rec(0)
2026-08-26 15:19:38 [INFO] 
[Métricas] RTSP: OFF | Câmera FPS: 25.0 | RAM: 49.91 MB | CPU
           Filas -> Cap: 0/200 (Drops: 0) | YOLO: 0/5 (Drops: 0)
           Estado: IDLE (Detecções ativas: 0)
           Restarts: Cap(0), YOLO(0), Rec(0)
2026-08-26 15:19:48 [INFO] 
[Métricas] RTSP: OFF | Câmera FPS: 25.0 | RAM: 49.91 MB | CPU
           Filas -> Cap: 0/200 (Drops: 0) | YOLO: 0/5 (Drops: 0)
           Estado: IDLE (Detecções ativas: 0)
           Restarts: Cap(0), YOLO(0), Rec(0)
2026-08-26 15:19:58 [INFO] 
[Métricas] RTSP: OFF | Câmera FPS: 25.0 | RAM: 49.91 MB | CPU
           Filas -> Cap: 0/200 (Drops: 0) | YOLO: 0/5 (Drops: 0)
           Estado: IDLE (Detecções ativas: 0)
           Restarts: Cap(0), YOLO(0), Rec(0)
2026-08-26 15:20:08 [INFO] 
[Métricas] RTSP: OFF | Câmera FPS: 25.0 | RAM: 49.91 MB | CPU
           Filas -> Cap: 0/200 (Drops: 0) | YOLO: 0/5 (Drops: 0)
           Estado: IDLE (Detecções ativas: 0)
           Restarts: Cap(0), YOLO(0), Rec(0)
2026-08-26 15:20:18 [INFO] 
[Métricas] RTSP: OFF | Câmera FPS: 25.0 | RAM: 49.91 MB | CPU
           Filas -> Cap: 0/200 (Drops: 0) | YOLO: 0/5 (Drops: 0)
           Estado: IDLE (Detecções ativas: 0)
           Restarts: Cap(0), YOLO(0), Rec(0)
2026-08-26 15:20:28 [INFO] 
[Métricas] RTSP: OFF | Câmera FPS: 25.0 | RAM: 49.91 MB | CPU
           Filas -> Cap: 0/200 (Drops: 0) | YOLO: 0/5 (Drops: 0)
           Estado: IDLE (Detecções ativas: 0)
           Restarts: Cap(0), YOLO(0), Rec(0)
2026-08-26 15:20:38 [INFO] 
[Métricas] RTSP: OFF | Câmera FPS: 25.0 | RAM: 49.91 MB | CPU
           Filas -> Cap: 0/200 (Drops: 0) | YOLO: 0/5 (Drops: 0)
           Estado: IDLE (Detecções ativas: 0)
           Restarts: Cap(0), YOLO(0), Rec(0)
2026-08-26 15:20:48 [INFO] 
[Métricas] RTSP: OFF | Câmera FPS: 25.0 | RAM: 49.91 MB | CPU
           Filas -> Cap: 0/200 (Drops: 0) | YOLO: 0/5 (Drops: 0)
           Estado: IDLE (Detecções ativas: 0)
           Restarts: Cap(0), YOLO(0), Rec(0)
2026-08-26 15:20:58 [INFO] 
[Métricas] RTSP: OFF | Câmera FPS: 25.0 | RAM: 49.91 MB | CPU
           Filas -> Cap: 0/200 (Drops: 0) | YOLO: 0/5 (Drops: 0)
           Estado: IDLE (Detecções ativas: 0)
           Restarts: Cap(0), YOLO(0), Rec(0)
2026-08-26 15:21:08 [INFO] 
[Métricas] RTSP: OFF | Câmera FPS: 25.0 | RAM: 49.91 MB | CPU
           Filas -> Cap: 0/200 (Drops: 0) | YOLO: 0/5 (Drops: 0)
           Estado: IDLE (Detecções ativas: 0)
           Restarts: Cap(0), YOLO(0), Rec(0)
2026-08-26 15:21:18 [INFO] 
[Métricas] RTSP: OFF | Câmera FPS: 25.0 | RAM: 49.91 MB | CPU
           Filas -> Cap: 0/200 (Drops: 0) | YOLO: 0/5 (Drops: 0)
           Estado: IDLE (Detecções ativas: 0)
           Restarts: Cap(0), YOLO(0), Rec(0)
2026-08-26 15:21:28 [INFO] 
[Métricas] RTSP: OFF | Câmera FPS: 25.0 | RAM: 49.91 MB | CPU
           Filas -> Cap: 0/200 (Drops: 0) | YOLO: 0/5 (Drops: 0)
           Estado: IDLE (Detecções ativas: 0)
           Restarts: Cap(0), YOLO(0), Rec(0)
2026-08-26 15:21:38 [INFO] 
[Métricas] RTSP: OFF | Câmera FPS: 25.0 | RAM: 49.91 MB | CPU
           Filas -> Cap: 0/200 (Drops: 0) | YOLO: 0/5 (Drops: 0)
           Estado: IDLE (Detecções ativas: 0)
           Restarts: Cap(0), YOLO(0), Rec(0)
2026-08-26 15:21:48 [INFO] 
[Métricas] RTSP: OFF | Câmera FPS: 25.0 | RAM: 49.91 MB | CPU
           Filas -> Cap: 0/200 (Drops: 0) | YOLO: 0/5 (Drops: 0)
           Estado: IDLE (Detecções ativas: 0)
           Restarts: Cap(0), YOLO(0), Rec(0)
2026-08-26 15:21:58 [INFO] 
[Métricas] RTSP: OFF | Câmera FPS: 25.0 | RAM: 49.91 MB | CPU
           Filas -> Cap: 0/200 (Drops: 0) | YOLO: 0/5 (Drops: 0)
           Estado: IDLE (Detecções ativas: 0)
           Restarts: Cap(0), YOLO(0), Rec(0)
2026-08-26 15:22:08 [INFO] 
[Métricas] RTSP: OFF | Câmera FPS: 25.0 | RAM: 49.91 MB | CPU
           Filas -> Cap: 0/200 (Drops: 0) | YOLO: 0/5 (Drops: 0)
           Estado: IDLE (Detecções ativas: 0)
           Restarts: Cap(0), YOLO(0), Rec(0)
2026-08-26 15:22:18 [INFO] 
[Métricas] RTSP: OFF | Câmera FPS: 25.0 | RAM: 49.91 MB | CPU
           Filas -> Cap: 0/200 (Drops: 0) | YOLO: 0/5 (Drops: 0)
           Estado: IDLE (Detecções ativas: 0)
           Restarts: Cap(0), YOLO(0), Rec(0)
2026-08-26 15:22:28 [INFO] 
[Métricas] RTSP: OFF | Câmera FPS: 25.0 | RAM: 49.91 MB | CPU
           Filas -> Cap: 0/200 (Drops: 0) | YOLO: 0/5 (Drops: 0)
           Estado: IDLE (Detecções ativas: 0)
           Restarts: Cap(0), YOLO(0), Rec(0)
2026-08-26 15:22:38 [INFO] 
[Métricas] RTSP: OFF | Câmera FPS: 25.0 | RAM: 49.91 MB | CPU
           Filas -> Cap: 0/200 (Drops: 0) | YOLO: 0/5 (Drops: 0)
           Estado: IDLE (Detecções ativas: 0)
           Restarts: Cap(0), YOLO(0), Rec(0)
2026-08-26 15:22:48 [INFO] 
[Métricas] RTSP: OFF | Câmera FPS: 25.0 | RAM: 49.91 MB | CPU
           Filas -> Cap: 0/200 (Drops: 0) | YOLO: 0/5 (Drops: 0)
           Estado: IDLE (Detecções ativas: 0)
           Restarts: Cap(0), YOLO(0), Rec(0)
2026-08-26 15:22:58 [INFO] 
[Métricas] RTSP: OFF | Câmera FPS: 25.0 | RAM: 49.91 MB | CPU
           Filas -> Cap: 0/200 (Drops: 0) | YOLO: 0/5 (Drops: 0)
           Estado: IDLE (Detecções ativas: 0)
           Restarts: Cap(0), YOLO(0), Rec(0)
2026-08-26 15:23:08 [INFO] 
[Métricas] RTSP: OFF | Câmera FPS: 25.0 | RAM: 49.91 MB | CPU
           Filas -> Cap: 0/200 (Drops: 0) | YOLO: 0/5 (Drops: 0)
           Estado: IDLE (Detecções ativas: 0)
           Restarts: Cap(0), YOLO(0), Rec(0)
2026-08-26 15:23:18 [INFO] 
[Métricas] RTSP: OFF | Câmera FPS: 25.0 | RAM: 49.91 MB | CPU
           Filas -> Cap: 0/200 (Drops: 0) | YOLO: 0/5 (Drops: 0)
           Estado: IDLE (Detecções ativas: 0)
           Restarts: Cap(0), YOLO(0), Rec(0)
2026-08-26 15:23:28 [INFO] 
[Métricas] RTSP: OFF | Câmera FPS: 25.0 | RAM: 49.91 MB | CPU
           Filas -> Cap: 0/200 (Drops: 0) | YOLO: 0/5 (Drops: 0)
           Estado: IDLE (Detecções ativas: 0)
           Restarts: Cap(0), YOLO(0), Rec(0)
2026-08-26 15:23:38 [INFO] 
[Métricas] RTSP: OFF | Câmera FPS: 25.0 | RAM: 49.91 MB | CPU
           Filas -> Cap: 0/200 (Drops: 0) | YOLO: 0/5 (Drops: 0)
           Estado: IDLE (Detecções ativas: 0)
           Restarts: Cap(0), YOLO(0), Rec(0)
2026-08-26 15:23:48 [INFO] 
[Métricas] RTSP: OFF | Câmera FPS: 25.0 | RAM: 49.91 MB | CPU
           Filas -> Cap: 0/200 (Drops: 0) | YOLO: 0/5 (Drops: 0)
           Estado: IDLE (Detecções ativas: 0)
           Restarts: Cap(0), YOLO(0), Rec(0)
2026-08-26 15:23:58 [INFO] 
[Métricas] RTSP: OFF | Câmera FPS: 25.0 | RAM: 49.91 MB | CPU
           Filas -> Cap: 0/200 (Drops: 0) | YOLO: 0/5 (Drops: 0)
           Estado: IDLE (Detecções ativas: 0)
           Restarts: Cap(0), YOLO(0), Rec(0)
2026-08-26 15:24:08 [INFO] 
[Métricas] RTSP: OFF | Câmera FPS: 25.0 | RAM: 49.91 MB | CPU
           Filas -> Cap: 0/200 (Drops: 0) | YOLO: 0/5 (Drops: 0)
           Estado: IDLE (Detecções ativas: 0)
           Restarts: Cap(0), YOLO(0), Rec(0)
2026-08-26 15:24:18 [INFO] 
[Métricas] RTSP: OFF | Câmera FPS: 25.0 | RAM: 49.91 MB | CPU
           Filas -> Cap: 0/200 (Drops: 0) | YOLO: 0/5 (Drops: 0)
           Estado: IDLE (Detecções ativas: 0)
           Restarts: Cap(0), YOLO(0), Rec(0)
2026-08-26 15:24:28 [INFO] 
[Métricas] RTSP: OFF | Câmera FPS: 25.0 | RAM: 49.91 MB | CPU
           Filas -> Cap: 0/200 (Drops: 0) | YOLO: 0/5 (Drops: 0)
           Estado: IDLE (Detecções ativas: 0)
           Restarts: Cap(0), YOLO(0), Rec(0)
2026-08-26 15:24:38 [INFO] 
[Métricas] RTSP: OFF | Câmera FPS: 25.0 | RAM: 49.91 MB | CPU
           Filas -> Cap: 0/200 (Drops: 0) | YOLO: 0/5 (Drops: 0)
           Estado: IDLE (Detecções ativas: 0)
           Restarts: Cap(0), YOLO(0), Rec(0)
2026-08-26 15:24:48 [INFO] 
[Métricas] RTSP: OFF | Câmera FPS: 25.0 | RAM: 49.91 MB | CPU
           Filas -> Cap: 0/200 (Drops: 0) | YOLO: 0/5 (Drops: 0)
           Estado: IDLE (Detecções ativas: 0)
           Restarts: Cap(0), YOLO(0), Rec(0)
2026-08-26 15:24:58 [INFO] 
[Métricas] RTSP: OFF | Câmera FPS: 25.0 | RAM: 49.91 MB | CPU
           Filas -> Cap: 0/200 (Drops: 0) | YOLO: 0/5 (Drops: 0)
           Estado: IDLE (Detecções ativas: 0)
           Restarts: Cap(0), YOLO(0), Rec(0)
2026-08-26 15:25:08 [INFO] 
[Métricas] RTSP: OFF | Câmera FPS: 25.0 | RAM: 49.91 MB | CPU
           Filas -> Cap: 0/200 (Drops: 0) | YOLO: 0/5 (Drops: 0)
           Estado: IDLE (Detecções ativas: 0)
           Restarts: Cap(0), YOLO(0), Rec(0)
2026-08-26 15:25:18 [INFO] 
[Métricas] RTSP: OFF | Câmera FPS: 25.0 | RAM: 49.91 MB | CPU
           Filas -> Cap: 0/200 (Drops: 0) | YOLO: 0/5 (Drops: 0)
           Estado: IDLE (Detecções ativas: 0)
           Restarts: Cap(0), YOLO(0), Rec(0)
2026-08-26 15:25:28 [INFO] 
[Métricas] RTSP: OFF | Câmera FPS: 25.0 | RAM: 49.90 MB | CPU
           Filas -> Cap: 0/200 (Drops: 0) | YOLO: 0/5 (Drops: 0)
           Estado: IDLE (Detecções ativas: 0)
           Restarts: Cap(0), YOLO(0), Rec(0)
2026-08-26 15:25:38 [INFO] 
[Métricas] RTSP: OFF | Câmera FPS: 25.0 | RAM: 49.90 MB | CPU
           Filas -> Cap: 0/200 (Drops: 0) | YOLO: 0/5 (Drops: 0)
           Estado: IDLE (Detecções ativas: 0)
           Restarts: Cap(0), YOLO(0), Rec(0)
2026-08-26 15:25:48 [INFO] 
[Métricas] RTSP: OFF | Câmera FPS: 25.0 | RAM: 49.90 MB | CPU
           Filas -> Cap: 0/200 (Drops: 0) | YOLO: 0/5 (Drops: 0)
           Estado: IDLE (Detecções ativas: 0)
           Restarts: Cap(0), YOLO(0), Rec(0)
2026-08-26 15:25:58 [INFO] 
[Métricas] RTSP: OFF | Câmera FPS: 25.0 | RAM: 49.90 MB | CPU
           Filas -> Cap: 0/200 (Drops: 0) | YOLO: 0/5 (Drops: 0)
           Estado: IDLE (Detecções ativas: 0)
           Restarts: Cap(0), YOLO(0), Rec(0)
2026-08-26 15:26:08 [INFO] 
[Métricas] RTSP: OFF | Câmera FPS: 25.0 | RAM: 49.90 MB | CPU
           Filas -> Cap: 0/200 (Drops: 0) | YOLO: 0/5 (Drops: 0)
           Estado: IDLE (Detecções ativas: 0)
           Restarts: Cap(0), YOLO(0), Rec(0)
2026-08-26 15:26:18 [INFO] 
[Métricas] RTSP: OFF | Câmera FPS: 25.0 | RAM: 49.90 MB | CPU
           Filas -> Cap: 0/200 (Drops: 0) | YOLO: 0/5 (Drops: 0)
           Estado: IDLE (Detecções ativas: 0)
           Restarts: Cap(0), YOLO(0), Rec(0)
2026-08-26 15:26:28 [INFO] 
[Métricas] RTSP: OFF | Câmera FPS: 25.0 | RAM: 49.90 MB | CPU
           Filas -> Cap: 0/200 (Drops: 0) | YOLO: 0/5 (Drops: 0)
           Estado: IDLE (Detecções ativas: 0)
           Restarts: Cap(0), YOLO(0), Rec(0)
2026-08-26 15:26:38 [INFO] 
[Métricas] RTSP: OFF | Câmera FPS: 25.0 | RAM: 49.90 MB | CPU
           Filas -> Cap: 0/200 (Drops: 0) | YOLO: 0/5 (Drops: 0)
           Estado: IDLE (Detecções ativas: 0)
           Restarts: Cap(0), YOLO(0), Rec(0)
2026-08-26 15:26:48 [INFO] 
[Métricas] RTSP: OFF | Câmera FPS: 25.0 | RAM: 49.90 MB | CPU
           Filas -> Cap: 0/200 (Drops: 0) | YOLO: 0/5 (Drops: 0)
           Estado: IDLE (Detecções ativas: 0)
           Restarts: Cap(0), YOLO(0), Rec(0)
2026-08-26 15:26:58 [INFO] 
[Métricas] RTSP: OFF | Câmera FPS: 25.0 | RAM: 49.90 MB | CPU
           Filas -> Cap: 0/200 (Drops: 0) | YOLO: 0/5 (Drops: 0)
           Estado: IDLE (Detecções ativas: 0)
           Restarts: Cap(0), YOLO(0), Rec(0)
2026-08-26 15:27:08 [INFO] 
[Métricas] RTSP: OFF | Câmera FPS: 25.0 | RAM: 49.90 MB | CPU
           Filas -> Cap: 0/200 (Drops: 0) | YOLO: 0/5 (Drops: 0)
           Estado: IDLE (Detecções ativas: 0)
           Restarts: Cap(0), YOLO(0), Rec(0)
2026-08-26 15:27:18 [INFO] 
[Métricas] RTSP: OFF | Câmera FPS: 25.0 | RAM: 49.90 MB | CPU
           Filas -> Cap: 0/200 (Drops: 0) | YOLO: 0/5 (Drops: 0)
           Estado: IDLE (Detecções ativas: 0)
           Restarts: Cap(0), YOLO(0), Rec(0)
2026-08-26 15:27:28 [INFO] 
[Métricas] RTSP: OFF | Câmera FPS: 25.0 | RAM: 49.90 MB | CPU
           Filas -> Cap: 0/200 (Drops: 0) | YOLO: 0/5 (Drops: 0)
           Estado: IDLE (Detecções ativas: 0)
           Restarts: Cap(0), YOLO(0), Rec(0)
2026-08-26 15:27:38 [INFO] 
[Métricas] RTSP: OFF | Câmera FPS: 25.0 | RAM: 49.90 MB | CPU
           Filas -> Cap: 0/200 (Drops: 0) | YOLO: 0/5 (Drops: 0)
           Estado: IDLE (Detecções ativas: 0)
           Restarts: Cap(0), YOLO(0), Rec(0)
2026-08-26 15:27:48 [INFO] 
[Métricas] RTSP: OFF | Câmera FPS: 25.0 | RAM: 49.90 MB | CPU
           Filas -> Cap: 0/200 (Drops: 0) | YOLO: 0/5 (Drops: 0)
           Estado: IDLE (Detecções ativas: 0)
           Restarts: Cap(0), YOLO(0), Rec(0)
2026-08-26 15:27:58 [INFO] 
[Métricas] RTSP: OFF | Câmera FPS: 25.0 | RAM: 49.90 MB | CPU
           Filas -> Cap: 0/200 (Drops: 0) | YOLO: 0/5 (Drops: 0)
           Estado: IDLE (Detecções ativas: 0)
           Restarts: Cap(0), YOLO(0), Rec(0)
2026-08-26 15:28:08 [INFO] 
[Métricas] RTSP: OFF | Câmera FPS: 25.0 | RAM: 49.90 MB | CPU
           Filas -> Cap: 0/200 (Drops: 0) | YOLO: 0/5 (Drops: 0)
           Estado: IDLE (Detecções ativas: 0)
           Restarts: Cap(0), YOLO(0), Rec(0)
2026-08-26 15:28:18 [INFO] 
[Métricas] RTSP: OFF | Câmera FPS: 25.0 | RAM: 49.90 MB | CPU
           Filas -> Cap: 0/200 (Drops: 0) | YOLO: 0/5 (Drops: 0)
           Estado: IDLE (Detecções ativas: 0)
           Restarts: Cap(0), YOLO(0), Rec(0)
2026-08-26 15:28:28 [INFO] 
[Métricas] RTSP: OFF | Câmera FPS: 25.0 | RAM: 49.90 MB | CPU
           Filas -> Cap: 0/200 (Drops: 0) | YOLO: 0/5 (Drops: 0)
           Estado: IDLE (Detecções ativas: 0)
           Restarts: Cap(0), YOLO(0), Rec(0)
2026-08-26 15:28:38 [INFO] 
[Métricas] RTSP: OFF | Câmera FPS: 25.0 | RAM: 49.90 MB | CPU
           Filas -> Cap: 0/200 (Drops: 0) | YOLO: 0/5 (Drops: 0)
           Estado: IDLE (Detecções ativas: 0)
           Restarts: Cap(0), YOLO(0), Rec(0)
2026-08-26 15:28:48 [INFO] 
[Métricas] RTSP: OFF | Câmera FPS: 25.0 | RAM: 49.90 MB | CPU
           Filas -> Cap: 0/200 (Drops: 0) | YOLO: 0/5 (Drops: 0)
           Estado: IDLE (Detecções ativas: 0)
           Restarts: Cap(0), YOLO(0), Rec(0)
2026-08-26 15:28:58 [INFO] 
[Métricas] RTSP: OFF | Câmera FPS: 25.0 | RAM: 49.90 MB | CPU
           Filas -> Cap: 0/200 (Drops: 0) | YOLO: 0/5 (Drops: 0)
           Estado: IDLE (Detecções ativas: 0)
           Restarts: Cap(0), YOLO(0), Rec(0)
2026-08-26 15:29:08 [INFO] 
[Métricas] RTSP: OFF | Câmera FPS: 25.0 | RAM: 49.90 MB | CPU
           Filas -> Cap: 0/200 (Drops: 0) | YOLO: 0/5 (Drops: 0)
           Estado: IDLE (Detecções ativas: 0)
           Restarts: Cap(0), YOLO(0), Rec(0)
2026-08-26 15:29:18 [INFO] 
[Métricas] RTSP: OFF | Câmera FPS: 25.0 | RAM: 49.90 MB | CPU
           Filas -> Cap: 0/200 (Drops: 0) | YOLO: 0/5 (Drops: 0)
           Estado: IDLE (Detecções ativas: 0)
           Restarts: Cap(0), YOLO(0), Rec(0)
2026-08-26 15:29:28 [INFO] 
[Métricas] RTSP: OFF | Câmera FPS: 25.0 | RAM: 49.90 MB | CPU
           Filas -> Cap: 0/200 (Drops: 0) | YOLO: 0/5 (Drops: 0)
           Estado: IDLE (Detecções ativas: 0)
           Restarts: Cap(0), YOLO(0), Rec(0)
2026-08-26 15:29:38 [INFO] 
[Métricas] RTSP: OFF | Câmera FPS: 25.0 | RAM: 49.90 MB | CPU
           Filas -> Cap: 0/200 (Drops: 0) | YOLO: 0/5 (Drops: 0)
           Estado: IDLE (Detecções ativas: 0)
           Restarts: Cap(0), YOLO(0), Rec(0)
2026-08-26 15:29:48 [INFO] 
[Métricas] RTSP: OFF | Câmera FPS: 25.0 | RAM: 49.90 MB | CPU
           Filas -> Cap: 0/200 (Drops: 0) | YOLO: 0/5 (Drops: 0)
           Estado: IDLE (Detecções ativas: 0)
           Restarts: Cap(0), YOLO(0), Rec(0)
2026-08-26 15:29:58 [INFO] 
[Métricas] RTSP: OFF | Câmera FPS: 25.0 | RAM: 49.90 MB | CPU
           Filas -> Cap: 0/200 (Drops: 0) | YOLO: 0/5 (Drops: 0)
           Estado: IDLE (Detecções ativas: 0)
           Restarts: Cap(0), YOLO(0), Rec(0)
2026-08-26 15:30:08 [INFO] 
[Métricas] RTSP: OFF | Câmera FPS: 25.0 | RAM: 49.90 MB | CPU
           Filas -> Cap: 0/200 (Drops: 0) | YOLO: 0/5 (Drops: 0)
           Estado: IDLE (Detecções ativas: 0)
           Restarts: Cap(0), YOLO(0), Rec(0)
2026-08-26 15:30:18 [INFO] 
[Métricas] RTSP: OFF | Câmera FPS: 25.0 | RAM: 49.90 MB | CPU
           Filas -> Cap: 0/200 (Drops: 0) | YOLO: 0/5 (Drops: 0)
           Estado: IDLE (Detecções ativas: 0)
           Restarts: Cap(0), YOLO(0), Rec(0)
2026-08-26 15:30:28 [INFO] 
[Métricas] RTSP: OFF | Câmera FPS: 25.0 | RAM: 49.90 MB | CPU
           Filas -> Cap: 0/200 (Drops: 0) | YOLO: 0/5 (Drops: 0)
           Estado: IDLE (Detecções ativas: 0)
           Restarts: Cap(0), YOLO(0), Rec(0)
2026-08-26 15:30:38 [INFO] 
[Métricas] RTSP: OFF | Câmera FPS: 25.0 | RAM: 49.90 MB | CPU
           Filas -> Cap: 0/200 (Drops: 0) | YOLO: 0/5 (Drops: 0)
           Estado: IDLE (Detecções ativas: 0)
           Restarts: Cap(0), YOLO(0), Rec(0)
2026-08-26 15:30:48 [INFO] 
[Métricas] RTSP: OFF | Câmera FPS: 25.0 | RAM: 50.00 MB | CPU
           Filas -> Cap: 0/200 (Drops: 0) | YOLO: 0/5 (Drops: 0)
           Estado: IDLE (Detecções ativas: 0)
           Restarts: Cap(0), YOLO(0), Rec(0)
2026-08-26 15:30:58 [INFO] 
[Métricas] RTSP: OFF | Câmera FPS: 25.0 | RAM: 50.08 MB | CPU
           Filas -> Cap: 0/200 (Drops: 0) | YOLO: 0/5 (Drops: 0)
           Estado: IDLE (Detecções ativas: 0)
           Restarts: Cap(0), YOLO(0), Rec(0)
2026-08-26 15:31:08 [INFO] 
[Métricas] RTSP: OFF | Câmera FPS: 25.0 | RAM: 50.08 MB | CPU
           Filas -> Cap: 0/200 (Drops: 0) | YOLO: 0/5 (Drops: 0)
           Estado: IDLE (Detecções ativas: 0)
           Restarts: Cap(0), YOLO(0), Rec(0)
2026-08-26 15:31:18 [INFO] 
[Métricas] RTSP: OFF | Câmera FPS: 25.0 | RAM: 50.08 MB | CPU
           Filas -> Cap: 0/200 (Drops: 0) | YOLO: 0/5 (Drops: 0)
           Estado: IDLE (Detecções ativas: 0)
           Restarts: Cap(0), YOLO(0), Rec(0)
2026-08-26 15:31:28 [INFO] 
[Métricas] RTSP: OFF | Câmera FPS: 25.0 | RAM: 50.08 MB | CPU
           Filas -> Cap: 0/200 (Drops: 0) | YOLO: 0/5 (Drops: 0)
           Estado: IDLE (Detecções ativas: 0)
           Restarts: Cap(0), YOLO(0), Rec(0)
2026-08-26 15:31:38 [INFO] 
[Métricas] RTSP: OFF | Câmera FPS: 25.0 | RAM: 50.08 MB | CPU
           Filas -> Cap: 0/200 (Drops: 0) | YOLO: 0/5 (Drops: 0)
           Estado: IDLE (Detecções ativas: 0)
           Restarts: Cap(0), YOLO(0), Rec(0)
2026-08-26 15:31:48 [INFO] 
[Métricas] RTSP: OFF | Câmera FPS: 25.0 | RAM: 50.08 MB | CPU
           Filas -> Cap: 0/200 (Drops: 0) | YOLO: 0/5 (Drops: 0)
           Estado: IDLE (Detecções ativas: 0)
           Restarts: Cap(0), YOLO(0), Rec(0)
2026-08-26 15:31:58 [INFO] 
[Métricas] RTSP: OFF | Câmera FPS: 25.0 | RAM: 50.08 MB | CPU
           Filas -> Cap: 0/200 (Drops: 0) | YOLO: 0/5 (Drops: 0)
           Estado: IDLE (Detecções ativas: 0)
           Restarts: Cap(0), YOLO(0), Rec(0)
2026-08-26 15:32:08 [INFO] 
[Métricas] RTSP: OFF | Câmera FPS: 25.0 | RAM: 50.08 MB | CPU
           Filas -> Cap: 0/200 (Drops: 0) | YOLO: 0/5 (Drops: 0)
           Estado: IDLE (Detecções ativas: 0)
           Restarts: Cap(0), YOLO(0), Rec(0)
2026-08-26 15:32:18 [INFO] 
[Métricas] RTSP: OFF | Câmera FPS: 25.0 | RAM: 50.08 MB | CPU
           Filas -> Cap: 0/200 (Drops: 0) | YOLO: 0/5 (Drops: 0)
           Estado: IDLE (Detecções ativas: 0)
           Restarts: Cap(0), YOLO(0), Rec(0)
2026-08-26 15:32:28 [INFO] 
[Métricas] RTSP: OFF | Câmera FPS: 25.0 | RAM: 50.08 MB | CPU
           Filas -> Cap: 0/200 (Drops: 0) | YOLO: 0/5 (Drops: 0)
           Estado: IDLE (Detecções ativas: 0)
           Restarts: Cap(0), YOLO(0), Rec(0)
2026-08-26 15:32:38 [INFO] 
[Métricas] RTSP: OFF | Câmera FPS: 25.0 | RAM: 50.08 MB | CPU
           Filas -> Cap: 0/200 (Drops: 0) | YOLO: 0/5 (Drops: 0)
           Estado: IDLE (Detecções ativas: 0)
           Restarts: Cap(0), YOLO(0), Rec(0)
2026-08-26 15:32:48 [INFO] 
[Métricas] RTSP: OFF | Câmera FPS: 25.0 | RAM: 50.08 MB | CPU
           Filas -> Cap: 0/200 (Drops: 0) | YOLO: 0/5 (Drops: 0)
           Estado: IDLE (Detecções ativas: 0)
           Restarts: Cap(0), YOLO(0), Rec(0)
2026-08-26 15:32:58 [INFO] 
[Métricas] RTSP: OFF | Câmera FPS: 25.0 | RAM: 50.08 MB | CPU
           Filas -> Cap: 0/200 (Drops: 0) | YOLO: 0/5 (Drops: 0)
           Estado: IDLE (Detecções ativas: 0)
           Restarts: Cap(0), YOLO(0), Rec(0)
2026-08-26 15:33:08 [INFO] 
[Métricas] RTSP: OFF | Câmera FPS: 25.0 | RAM: 50.08 MB | CPU
           Filas -> Cap: 0/200 (Drops: 0) | YOLO: 0/5 (Drops: 0)
           Estado: IDLE (Detecções ativas: 0)
           Restarts: Cap(0), YOLO(0), Rec(0)
2026-08-26 15:33:18 [INFO] 
[Métricas] RTSP: OFF | Câmera FPS: 25.0 | RAM: 50.08 MB | CPU
           Filas -> Cap: 0/200 (Drops: 0) | YOLO: 0/5 (Drops: 0)
           Estado: IDLE (Detecções ativas: 0)
           Restarts: Cap(0), YOLO(0), Rec(0)
2026-08-26 15:33:28 [INFO] 
[Métricas] RTSP: OFF | Câmera FPS: 25.0 | RAM: 50.08 MB | CPU
           Filas -> Cap: 0/200 (Drops: 0) | YOLO: 0/5 (Drops: 0)
           Estado: IDLE (Detecções ativas: 0)
           Restarts: Cap(0), YOLO(0), Rec(0)
2026-08-26 15:33:38 [INFO] 
[Métricas] RTSP: OFF | Câmera FPS: 25.0 | RAM: 50.08 MB | CPU
           Filas -> Cap: 0/200 (Drops: 0) | YOLO: 0/5 (Drops: 0)
           Estado: IDLE (Detecções ativas: 0)
           Restarts: Cap(0), YOLO(0), Rec(0)
2026-08-26 15:33:48 [INFO] 
[Métricas] RTSP: OFF | Câmera FPS: 25.0 | RAM: 50.88 MB | CPU
           Filas -> Cap: 0/200 (Drops: 0) | YOLO: 0/5 (Drops: 0)
           Estado: IDLE (Detecções ativas: 0)
           Restarts: Cap(0), YOLO(0), Rec(0)
2026-08-26 15:33:58 [INFO] 
[Métricas] RTSP: OFF | Câmera FPS: 25.0 | RAM: 50.88 MB | CPU
           Filas -> Cap: 0/200 (Drops: 0) | YOLO: 0/5 (Drops: 0)
           Estado: IDLE (Detecções ativas: 0)
           Restarts: Cap(0), YOLO(0), Rec(0)
2026-08-26 15:34:08 [INFO] 
[Métricas] RTSP: OFF | Câmera FPS: 25.0 | RAM: 50.88 MB | CPU
           Filas -> Cap: 0/200 (Drops: 0) | YOLO: 0/5 (Drops: 0)
           Estado: IDLE (Detecções ativas: 0)
           Restarts: Cap(0), YOLO(0), Rec(0)
2026-08-26 15:34:18 [INFO] 
[Métricas] RTSP: OFF | Câmera FPS: 25.0 | RAM: 50.88 MB | CPU
           Filas -> Cap: 0/200 (Drops: 0) | YOLO: 0/5 (Drops: 0)
           Estado: IDLE (Detecções ativas: 0)
           Restarts: Cap(0), YOLO(0), Rec(0)
2026-08-26 15:34:28 [INFO] 
[Métricas] RTSP: OFF | Câmera FPS: 25.0 | RAM: 50.88 MB | CPU
           Filas -> Cap: 0/200 (Drops: 0) | YOLO: 0/5 (Drops: 0)
           Estado: IDLE (Detecções ativas: 0)
           Restarts: Cap(0), YOLO(0), Rec(0)
2026-08-26 15:34:38 [INFO] 
[Métricas] RTSP: OFF | Câmera FPS: 25.0 | RAM: 50.88 MB | CPU
           Filas -> Cap: 0/200 (Drops: 0) | YOLO: 0/5 (Drops: 0)
           Estado: IDLE (Detecções ativas: 0)
           Restarts: Cap(0), YOLO(0), Rec(0)
2026-08-26 15:34:48 [INFO] 
[Métricas] RTSP: OFF | Câmera FPS: 25.0 | RAM: 50.88 MB | CPU
           Filas -> Cap: 0/200 (Drops: 0) | YOLO: 0/5 (Drops: 0)
           Estado: IDLE (Detecções ativas: 0)
           Restarts: Cap(0), YOLO(0), Rec(0)
2026-08-26 15:34:58 [INFO] 
[Métricas] RTSP: OFF | Câmera FPS: 25.0 | RAM: 50.88 MB | CPU
           Filas -> Cap: 0/200 (Drops: 0) | YOLO: 0/5 (Drops: 0)
           Estado: IDLE (Detecções ativas: 0)
           Restarts: Cap(0), YOLO(0), Rec(0)
2026-08-26 15:35:08 [INFO] 
[Métricas] RTSP: OFF | Câmera FPS: 25.0 | RAM: 50.88 MB | CPU
           Filas -> Cap: 0/200 (Drops: 0) | YOLO: 0/5 (Drops: 0)
           Estado: IDLE (Detecções ativas: 0)
           Restarts: Cap(0), YOLO(0), Rec(0)
2026-08-26 15:35:18 [INFO] 
[Métricas] RTSP: OFF | Câmera FPS: 25.0 | RAM: 50.88 MB | CPU
           Filas -> Cap: 0/200 (Drops: 0) | YOLO: 0/5 (Drops: 0)
           Estado: IDLE (Detecções ativas: 0)
           Restarts: Cap(0), YOLO(0), Rec(0)
2026-08-26 15:35:28 [INFO] 
[Métricas] RTSP: OFF | Câmera FPS: 25.0 | RAM: 50.96 MB | CPU
           Filas -> Cap: 0/200 (Drops: 0) | YOLO: 0/5 (Drops: 0)
           Estado: IDLE (Detecções ativas: 0)
           Restarts: Cap(0), YOLO(0), Rec(0)
2026-08-26 15:35:38 [INFO] 
[Métricas] RTSP: OFF | Câmera FPS: 25.0 | RAM: 50.96 MB | CPU
           Filas -> Cap: 0/200 (Drops: 0) | YOLO: 0/5 (Drops: 0)
           Estado: IDLE (Detecções ativas: 0)
           Restarts: Cap(0), YOLO(0), Rec(0)
2026-08-26 15:35:48 [INFO] 
[Métricas] RTSP: OFF | Câmera FPS: 25.0 | RAM: 50.96 MB | CPU
           Filas -> Cap: 0/200 (Drops: 0) | YOLO: 0/5 (Drops: 0)
           Estado: IDLE (Detecções ativas: 0)
           Restarts: Cap(0), YOLO(0), Rec(0)
2026-08-26 15:35:58 [INFO] 
[Métricas] RTSP: OFF | Câmera FPS: 25.0 | RAM: 50.96 MB | CPU
           Filas -> Cap: 0/200 (Drops: 0) | YOLO: 0/5 (Drops: 0)
           Estado: IDLE (Detecções ativas: 0)
           Restarts: Cap(0), YOLO(0), Rec(0)
2026-08-26 15:36:08 [INFO] 
[Métricas] RTSP: OFF | Câmera FPS: 25.0 | RAM: 50.96 MB | CPU
           Filas -> Cap: 0/200 (Drops: 0) | YOLO: 0/5 (Drops: 0)
           Estado: IDLE (Detecções ativas: 0)
           Restarts: Cap(0), YOLO(0), Rec(0)
2026-08-26 15:36:18 [INFO] 
[Métricas] RTSP: OFF | Câmera FPS: 25.0 | RAM: 50.96 MB | CPU
           Filas -> Cap: 0/200 (Drops: 0) | YOLO: 0/5 (Drops: 0)
           Estado: IDLE (Detecções ativas: 0)
           Restarts: Cap(0), YOLO(0), Rec(0)
2026-08-26 15:36:28 [INFO] 
[Métricas] RTSP: OFF | Câmera FPS: 25.0 | RAM: 50.96 MB | CPU
           Filas -> Cap: 0/200 (Drops: 0) | YOLO: 0/5 (Drops: 0)
           Estado: IDLE (Detecções ativas: 0)
           Restarts: Cap(0), YOLO(0), Rec(0)
2026-08-26 15:36:38 [INFO] 
[Métricas] RTSP: OFF | Câmera FPS: 25.0 | RAM: 50.96 MB | CPU
           Filas -> Cap: 0/200 (Drops: 0) | YOLO: 0/5 (Drops: 0)
           Estado: IDLE (Detecções ativas: 0)
           Restarts: Cap(0), YOLO(0), Rec(0)
2026-08-26 15:36:48 [INFO] 
[Métricas] RTSP: OFF | Câmera FPS: 25.0 | RAM: 50.96 MB | CPU
           Filas -> Cap: 0/200 (Drops: 0) | YOLO: 0/5 (Drops: 0)
           Estado: IDLE (Detecções ativas: 0)
           Restarts: Cap(0), YOLO(0), Rec(0)
2026-08-26 15:36:58 [INFO] 
[Métricas] RTSP: OFF | Câmera FPS: 25.0 | RAM: 50.96 MB | CPU
           Filas -> Cap: 0/200 (Drops: 0) | YOLO: 0/5 (Drops: 0)
           Estado: IDLE (Detecções ativas: 0)
           Restarts: Cap(0), YOLO(0), Rec(0)
2026-08-26 15:37:08 [INFO] 
[Métricas] RTSP: OFF | Câmera FPS: 25.0 | RAM: 50.96 MB | CPU
           Filas -> Cap: 0/200 (Drops: 0) | YOLO: 0/5 (Drops: 0)
           Estado: IDLE (Detecções ativas: 0)
           Restarts: Cap(0), YOLO(0), Rec(0)
2026-08-26 15:37:18 [INFO] 
[Métricas] RTSP: OFF | Câmera FPS: 25.0 | RAM: 50.96 MB | CPU
           Filas -> Cap: 0/200 (Drops: 0) | YOLO: 0/5 (Drops: 0)
           Estado: IDLE (Detecções ativas: 0)
           Restarts: Cap(0), YOLO(0), Rec(0)
2026-08-26 15:37:28 [INFO] 
[Métricas] RTSP: OFF | Câmera FPS: 25.0 | RAM: 51.00 MB | CPU
           Filas -> Cap: 0/200 (Drops: 0) | YOLO: 0/5 (Drops: 0)
           Estado: IDLE (Detecções ativas: 0)
           Restarts: Cap(0), YOLO(0), Rec(0)
2026-08-26 15:37:38 [INFO] 
[Métricas] RTSP: OFF | Câmera FPS: 25.0 | RAM: 51.00 MB | CPU
           Filas -> Cap: 0/200 (Drops: 0) | YOLO: 0/5 (Drops: 0)
           Estado: IDLE (Detecções ativas: 0)
           Restarts: Cap(0), YOLO(0), Rec(0)
2026-08-26 15:37:48 [INFO] 
[Métricas] RTSP: OFF | Câmera FPS: 25.0 | RAM: 51.00 MB | CPU
           Filas -> Cap: 0/200 (Drops: 0) | YOLO: 0/5 (Drops: 0)
           Estado: IDLE (Detecções ativas: 0)
           Restarts: Cap(0), YOLO(0), Rec(0)
2026-08-26 15:37:58 [INFO] 
[Métricas] RTSP: OFF | Câmera FPS: 25.0 | RAM: 51.00 MB | CPU
           Filas -> Cap: 0/200 (Drops: 0) | YOLO: 0/5 (Drops: 0)
           Estado: IDLE (Detecções ativas: 0)
           Restarts: Cap(0), YOLO(0), Rec(0)
2026-08-26 15:38:09 [INFO] 
[Métricas] RTSP: OFF | Câmera FPS: 25.0 | RAM: 51.00 MB | CPU
           Filas -> Cap: 0/200 (Drops: 0) | YOLO: 0/5 (Drops: 0)
           Estado: IDLE (Detecções ativas: 0)
           Restarts: Cap(0), YOLO(0), Rec(0)
2026-08-26 15:38:19 [INFO] 
[Métricas] RTSP: OFF | Câmera FPS: 25.0 | RAM: 51.00 MB | CPU
           Filas -> Cap: 0/200 (Drops: 0) | YOLO: 0/5 (Drops: 0)
           Estado: IDLE (Detecções ativas: 0)
           Restarts: Cap(0), YOLO(0), Rec(0)
2026-08-26 15:38:29 [INFO] 
[Métricas] RTSP: OFF | Câmera FPS: 25.0 | RAM: 51.00 MB | CPU
           Filas -> Cap: 0/200 (Drops: 0) | YOLO: 0/5 (Drops: 0)
           Estado: IDLE (Detecções ativas: 0)
           Restarts: Cap(0), YOLO(0), Rec(0)
2026-08-26 15:38:39 [INFO] 
[Métricas] RTSP: OFF | Câmera FPS: 25.0 | RAM: 51.00 MB | CPU
           Filas -> Cap: 0/200 (Drops: 0) | YOLO: 0/5 (Drops: 0)
           Estado: IDLE (Detecções ativas: 0)
           Restarts: Cap(0), YOLO(0), Rec(0)
2026-08-26 15:38:49 [INFO] 
[Métricas] RTSP: OFF | Câmera FPS: 25.0 | RAM: 51.00 MB | CPU
           Filas -> Cap: 0/200 (Drops: 0) | YOLO: 0/5 (Drops: 0)
           Estado: IDLE (Detecções ativas: 0)
           Restarts: Cap(0), YOLO(0), Rec(0)
2026-08-26 15:38:59 [INFO] 
[Métricas] RTSP: OFF | Câmera FPS: 25.0 | RAM: 51.00 MB | CPU
           Filas -> Cap: 0/200 (Drops: 0) | YOLO: 0/5 (Drops: 0)
           Estado: IDLE (Detecções ativas: 0)
           Restarts: Cap(0), YOLO(0), Rec(0)
2026-08-26 15:39:09 [INFO] 
[Métricas] RTSP: OFF | Câmera FPS: 25.0 | RAM: 51.00 MB | CPU
           Filas -> Cap: 0/200 (Drops: 0) | YOLO: 0/5 (Drops: 0)
           Estado: IDLE (Detecções ativas: 0)
           Restarts: Cap(0), YOLO(0), Rec(0)
2026-08-26 15:39:19 [INFO] 
[Métricas] RTSP: OFF | Câmera FPS: 25.0 | RAM: 51.00 MB | CPU
           Filas -> Cap: 0/200 (Drops: 0) | YOLO: 0/5 (Drops: 0)
           Estado: IDLE (Detecções ativas: 0)
           Restarts: Cap(0), YOLO(0), Rec(0)
2026-08-26 15:39:29 [INFO] 
[Métricas] RTSP: OFF | Câmera FPS: 25.0 | RAM: 51.00 MB | CPU
           Filas -> Cap: 0/200 (Drops: 0) | YOLO: 0/5 (Drops: 0)
           Estado: IDLE (Detecções ativas: 0)
           Restarts: Cap(0), YOLO(0), Rec(0)
2026-08-26 15:39:39 [INFO] 
[Métricas] RTSP: OFF | Câmera FPS: 25.0 | RAM: 51.00 MB | CPU
           Filas -> Cap: 0/200 (Drops: 0) | YOLO: 0/5 (Drops: 0)
           Estado: IDLE (Detecções ativas: 0)
           Restarts: Cap(0), YOLO(0), Rec(0)
2026-08-26 15:39:49 [INFO] 
[Métricas] RTSP: OFF | Câmera FPS: 25.0 | RAM: 51.00 MB | CPU
           Filas -> Cap: 0/200 (Drops: 0) | YOLO: 0/5 (Drops: 0)
           Estado: IDLE (Detecções ativas: 0)
           Restarts: Cap(0), YOLO(0), Rec(0)
2026-08-26 15:39:59 [INFO] 
[Métricas] RTSP: OFF | Câmera FPS: 25.0 | RAM: 51.00 MB | CPU
           Filas -> Cap: 0/200 (Drops: 0) | YOLO: 0/5 (Drops: 0)
           Estado: IDLE (Detecções ativas: 0)
           Restarts: Cap(0), YOLO(0), Rec(0)
2026-08-26 15:40:09 [INFO] 
[Métricas] RTSP: OFF | Câmera FPS: 25.0 | RAM: 51.00 MB | CPU
           Filas -> Cap: 0/200 (Drops: 0) | YOLO: 0/5 (Drops: 0)
           Estado: IDLE (Detecções ativas: 0)
           Restarts: Cap(0), YOLO(0), Rec(0)
2026-08-26 15:40:19 [INFO] 
[Métricas] RTSP: OFF | Câmera FPS: 25.0 | RAM: 51.00 MB | CPU
           Filas -> Cap: 0/200 (Drops: 0) | YOLO: 0/5 (Drops: 0)
           Estado: IDLE (Detecções ativas: 0)
           Restarts: Cap(0), YOLO(0), Rec(0)
2026-08-26 15:40:29 [INFO] 
[Métricas] RTSP: OFF | Câmera FPS: 25.0 | RAM: 51.00 MB | CPU
           Filas -> Cap: 0/200 (Drops: 0) | YOLO: 0/5 (Drops: 0)
           Estado: IDLE (Detecções ativas: 0)
           Restarts: Cap(0), YOLO(0), Rec(0)
2026-08-26 15:40:39 [INFO] 
[Métricas] RTSP: OFF | Câmera FPS: 25.0 | RAM: 51.00 MB | CPU
           Filas -> Cap: 0/200 (Drops: 0) | YOLO: 0/5 (Drops: 0)
           Estado: IDLE (Detecções ativas: 0)
           Restarts: Cap(0), YOLO(0), Rec(0)
2026-08-26 15:40:49 [INFO] 
[Métricas] RTSP: OFF | Câmera FPS: 25.0 | RAM: 51.00 MB | CPU
           Filas -> Cap: 0/200 (Drops: 0) | YOLO: 0/5 (Drops: 0)
           Estado: IDLE (Detecções ativas: 0)
           Restarts: Cap(0), YOLO(0), Rec(0)
2026-08-26 15:40:59 [INFO] 
[Métricas] RTSP: OFF | Câmera FPS: 25.0 | RAM: 51.00 MB | CPU
           Filas -> Cap: 0/200 (Drops: 0) | YOLO: 0/5 (Drops: 0)
           Estado: IDLE (Detecções ativas: 0)
           Restarts: Cap(0), YOLO(0), Rec(0)
2026-08-26 15:41:09 [INFO] 
[Métricas] RTSP: OFF | Câmera FPS: 25.0 | RAM: 51.00 MB | CPU
           Filas -> Cap: 0/200 (Drops: 0) | YOLO: 0/5 (Drops: 0)
           Estado: IDLE (Detecções ativas: 0)
           Restarts: Cap(0), YOLO(0), Rec(0)
2026-08-26 15:41:19 [INFO] 
[Métricas] RTSP: OFF | Câmera FPS: 25.0 | RAM: 51.00 MB | CPU
           Filas -> Cap: 0/200 (Drops: 0) | YOLO: 0/5 (Drops: 0)
           Estado: IDLE (Detecções ativas: 0)
           Restarts: Cap(0), YOLO(0), Rec(0)
2026-08-26 15:41:29 [INFO] 
[Métricas] RTSP: OFF | Câmera FPS: 25.0 | RAM: 51.00 MB | CPU
           Filas -> Cap: 0/200 (Drops: 0) | YOLO: 0/5 (Drops: 0)
           Estado: IDLE (Detecções ativas: 0)
           Restarts: Cap(0), YOLO(0), Rec(0)
2026-08-26 15:41:39 [INFO] 
[Métricas] RTSP: OFF | Câmera FPS: 25.0 | RAM: 51.00 MB | CPU
           Filas -> Cap: 0/200 (Drops: 0) | YOLO: 0/5 (Drops: 0)
           Estado: IDLE (Detecções ativas: 0)
           Restarts: Cap(0), YOLO(0), Rec(0)
2026-08-26 15:41:49 [INFO] 
[Métricas] RTSP: OFF | Câmera FPS: 25.0 | RAM: 51.00 MB | CPU
           Filas -> Cap: 0/200 (Drops: 0) | YOLO: 0/5 (Drops: 0)
           Estado: IDLE (Detecções ativas: 0)
           Restarts: Cap(0), YOLO(0), Rec(0)
2026-08-26 15:41:59 [INFO] 
[Métricas] RTSP: OFF | Câmera FPS: 25.0 | RAM: 51.00 MB | CPU
           Filas -> Cap: 0/200 (Drops: 0) | YOLO: 0/5 (Drops: 0)
           Estado: IDLE (Detecções ativas: 0)
           Restarts: Cap(0), YOLO(0), Rec(0)
2026-08-26 15:42:09 [INFO] 
[Métricas] RTSP: OFF | Câmera FPS: 25.0 | RAM: 51.00 MB | CPU
           Filas -> Cap: 0/200 (Drops: 0) | YOLO: 0/5 (Drops: 0)
           Estado: IDLE (Detecções ativas: 0)
           Restarts: Cap(0), YOLO(0), Rec(0)
2026-08-26 15:42:19 [INFO] 
[Métricas] RTSP: OFF | Câmera FPS: 25.0 | RAM: 51.00 MB | CPU
           Filas -> Cap: 0/200 (Drops: 0) | YOLO: 0/5 (Drops: 0)
           Estado: IDLE (Detecções ativas: 0)
           Restarts: Cap(0), YOLO(0), Rec(0)
2026-08-26 15:42:29 [INFO] 
[Métricas] RTSP: OFF | Câmera FPS: 25.0 | RAM: 51.00 MB | CPU
           Filas -> Cap: 0/200 (Drops: 0) | YOLO: 0/5 (Drops: 0)
           Estado: IDLE (Detecções ativas: 0)
           Restarts: Cap(0), YOLO(0), Rec(0)
2026-08-26 15:42:39 [INFO] 
[Métricas] RTSP: OFF | Câmera FPS: 25.0 | RAM: 51.00 MB | CPU
           Filas -> Cap: 0/200 (Drops: 0) | YOLO: 0/5 (Drops: 0)
           Estado: IDLE (Detecções ativas: 0)
           Restarts: Cap(0), YOLO(0), Rec(0)
2026-08-26 15:42:49 [INFO] 
[Métricas] RTSP: OFF | Câmera FPS: 25.0 | RAM: 51.00 MB | CPU
           Filas -> Cap: 0/200 (Drops: 0) | YOLO: 0/5 (Drops: 0)
           Estado: IDLE (Detecções ativas: 0)
           Restarts: Cap(0), YOLO(0), Rec(0)
2026-08-26 15:42:59 [INFO] 
[Métricas] RTSP: OFF | Câmera FPS: 25.0 | RAM: 51.00 MB | CPU
           Filas -> Cap: 0/200 (Drops: 0) | YOLO: 0/5 (Drops: 0)
           Estado: IDLE (Detecções ativas: 0)
           Restarts: Cap(0), YOLO(0), Rec(0)
2026-08-26 15:43:09 [INFO] 
[Métricas] RTSP: OFF | Câmera FPS: 25.0 | RAM: 51.00 MB | CPU
           Filas -> Cap: 0/200 (Drops: 0) | YOLO: 0/5 (Drops: 0)
           Estado: IDLE (Detecções ativas: 0)
           Restarts: Cap(0), YOLO(0), Rec(0)
2026-08-26 15:43:19 [INFO] 
[Métricas] RTSP: OFF | Câmera FPS: 25.0 | RAM: 51.00 MB | CPU
           Filas -> Cap: 0/200 (Drops: 0) | YOLO: 0/5 (Drops: 0)
           Estado: IDLE (Detecções ativas: 0)
           Restarts: Cap(0), YOLO(0), Rec(0)
2026-08-26 15:43:29 [INFO] 
[Métricas] RTSP: OFF | Câmera FPS: 25.0 | RAM: 51.00 MB | CPU
           Filas -> Cap: 0/200 (Drops: 0) | YOLO: 0/5 (Drops: 0)
           Estado: IDLE (Detecções ativas: 0)
           Restarts: Cap(0), YOLO(0), Rec(0)
2026-08-26 15:43:39 [INFO] 
[Métricas] RTSP: OFF | Câmera FPS: 25.0 | RAM: 51.00 MB | CPU
           Filas -> Cap: 0/200 (Drops: 0) | YOLO: 0/5 (Drops: 0)
           Estado: IDLE (Detecções ativas: 0)
           Restarts: Cap(0), YOLO(0), Rec(0)
2026-08-26 15:43:49 [INFO] 
[Métricas] RTSP: OFF | Câmera FPS: 25.0 | RAM: 51.00 MB | CPU
           Filas -> Cap: 0/200 (Drops: 0) | YOLO: 0/5 (Drops: 0)
           Estado: IDLE (Detecções ativas: 0)
           Restarts: Cap(0), YOLO(0), Rec(0)
2026-08-26 15:43:59 [INFO] 
[Métricas] RTSP: OFF | Câmera FPS: 25.0 | RAM: 51.00 MB | CPU
           Filas -> Cap: 0/200 (Drops: 0) | YOLO: 0/5 (Drops: 0)
           Estado: IDLE (Detecções ativas: 0)
           Restarts: Cap(0), YOLO(0), Rec(0)
2026-08-26 15:44:09 [INFO] 
[Métricas] RTSP: OFF | Câmera FPS: 25.0 | RAM: 51.00 MB | CPU
           Filas -> Cap: 0/200 (Drops: 0) | YOLO: 0/5 (Drops: 0)
           Estado: IDLE (Detecções ativas: 0)
           Restarts: Cap(0), YOLO(0), Rec(0)
2026-08-26 15:44:19 [INFO] 
[Métricas] RTSP: OFF | Câmera FPS: 25.0 | RAM: 51.00 MB | CPU
           Filas -> Cap: 0/200 (Drops: 0) | YOLO: 0/5 (Drops: 0)
           Estado: IDLE (Detecções ativas: 0)
           Restarts: Cap(0), YOLO(0), Rec(0)
2026-08-26 15:44:29 [INFO] 
[Métricas] RTSP: OFF | Câmera FPS: 25.0 | RAM: 51.00 MB | CPU
           Filas -> Cap: 0/200 (Drops: 0) | YOLO: 0/5 (Drops: 0)
           Estado: IDLE (Detecções ativas: 0)
           Restarts: Cap(0), YOLO(0), Rec(0)
2026-08-26 15:44:39 [INFO] 
[Métricas] RTSP: OFF | Câmera FPS: 25.0 | RAM: 51.00 MB | CPU
           Filas -> Cap: 0/200 (Drops: 0) | YOLO: 0/5 (Drops: 0)
           Estado: IDLE (Detecções ativas: 0)
           Restarts: Cap(0), YOLO(0), Rec(0)
2026-08-26 15:44:49 [INFO] 
[Métricas] RTSP: OFF | Câmera FPS: 25.0 | RAM: 51.00 MB | CPU
           Filas -> Cap: 0/200 (Drops: 0) | YOLO: 0/5 (Drops: 0)
           Estado: IDLE (Detecções ativas: 0)
           Restarts: Cap(0), YOLO(0), Rec(0)
2026-08-26 15:44:59 [INFO] 
[Métricas] RTSP: OFF | Câmera FPS: 25.0 | RAM: 51.00 MB | CPU
           Filas -> Cap: 0/200 (Drops: 0) | YOLO: 0/5 (Drops: 0)
           Estado: IDLE (Detecções ativas: 0)
           Restarts: Cap(0), YOLO(0), Rec(0)
2026-08-26 15:45:09 [INFO] 
[Métricas] RTSP: OFF | Câmera FPS: 25.0 | RAM: 51.00 MB | CPU
           Filas -> Cap: 0/200 (Drops: 0) | YOLO: 0/5 (Drops: 0)
           Estado: IDLE (Detecções ativas: 0)
           Restarts: Cap(0), YOLO(0), Rec(0)
2026-08-26 15:45:19 [INFO] 
[Métricas] RTSP: OFF | Câmera FPS: 25.0 | RAM: 51.00 MB | CPU
           Filas -> Cap: 0/200 (Drops: 0) | YOLO: 0/5 (Drops: 0)
           Estado: IDLE (Detecções ativas: 0)
           Restarts: Cap(0), YOLO(0), Rec(0)
2026-08-26 15:45:29 [INFO] 
[Métricas] RTSP: OFF | Câmera FPS: 25.0 | RAM: 51.00 MB | CPU
           Filas -> Cap: 0/200 (Drops: 0) | YOLO: 0/5 (Drops: 0)
           Estado: IDLE (Detecções ativas: 0)
           Restarts: Cap(0), YOLO(0), Rec(0)
2026-08-26 15:45:39 [INFO] 
[Métricas] RTSP: OFF | Câmera FPS: 25.0 | RAM: 51.00 MB | CPU
           Filas -> Cap: 0/200 (Drops: 0) | YOLO: 0/5 (Drops: 0)
           Estado: IDLE (Detecções ativas: 0)
           Restarts: Cap(0), YOLO(0), Rec(0)
2026-08-26 15:45:49 [INFO] 
[Métricas] RTSP: OFF | Câmera FPS: 25.0 | RAM: 51.00 MB | CPU
           Filas -> Cap: 0/200 (Drops: 0) | YOLO: 0/5 (Drops: 0)
           Estado: IDLE (Detecções ativas: 0)
           Restarts: Cap(0), YOLO(0), Rec(0)
2026-08-26 15:45:59 [INFO] 
[Métricas] RTSP: OFF | Câmera FPS: 25.0 | RAM: 51.00 MB | CPU
           Filas -> Cap: 0/200 (Drops: 0) | YOLO: 0/5 (Drops: 0)
           Estado: IDLE (Detecções ativas: 0)
           Restarts: Cap(0), YOLO(0), Rec(0)
2026-08-26 15:46:09 [INFO] 
[Métricas] RTSP: OFF | Câmera FPS: 25.0 | RAM: 51.00 MB | CPU
           Filas -> Cap: 0/200 (Drops: 0) | YOLO: 0/5 (Drops: 0)
           Estado: IDLE (Detecções ativas: 0)
           Restarts: Cap(0), YOLO(0), Rec(0)
2026-08-26 15:46:19 [INFO] 
[Métricas] RTSP: OFF | Câmera FPS: 25.0 | RAM: 51.00 MB | CPU
           Filas -> Cap: 0/200 (Drops: 0) | YOLO: 0/5 (Drops: 0)
           Estado: IDLE (Detecções ativas: 0)
           Restarts: Cap(0), YOLO(0), Rec(0)
2026-08-26 15:46:29 [INFO] 
[Métricas] RTSP: OFF | Câmera FPS: 25.0 | RAM: 51.00 MB | CPU
           Filas -> Cap: 0/200 (Drops: 0) | YOLO: 0/5 (Drops: 0)
           Estado: IDLE (Detecções ativas: 0)
           Restarts: Cap(0), YOLO(0), Rec(0)
2026-08-26 15:46:39 [INFO] 
[Métricas] RTSP: OFF | Câmera FPS: 25.0 | RAM: 51.00 MB | CPU
           Filas -> Cap: 0/200 (Drops: 0) | YOLO: 0/5 (Drops: 0)
           Estado: IDLE (Detecções ativas: 0)
           Restarts: Cap(0), YOLO(0), Rec(0)
2026-08-26 15:46:49 [INFO] 
[Métricas] RTSP: OFF | Câmera FPS: 25.0 | RAM: 51.00 MB | CPU
           Filas -> Cap: 0/200 (Drops: 0) | YOLO: 0/5 (Drops: 0)
           Estado: IDLE (Detecções ativas: 0)
           Restarts: Cap(0), YOLO(0), Rec(0)
2026-08-26 15:46:59 [INFO] 
[Métricas] RTSP: OFF | Câmera FPS: 25.0 | RAM: 51.00 MB | CPU
           Filas -> Cap: 0/200 (Drops: 0) | YOLO: 0/5 (Drops: 0)
           Estado: IDLE (Detecções ativas: 0)
           Restarts: Cap(0), YOLO(0), Rec(0)
2026-08-26 15:47:09 [INFO] 
[Métricas] RTSP: OFF | Câmera FPS: 25.0 | RAM: 51.00 MB | CPU
           Filas -> Cap: 0/200 (Drops: 0) | YOLO: 0/5 (Drops: 0)
           Estado: IDLE (Detecções ativas: 0)
           Restarts: Cap(0), YOLO(0), Rec(0)
2026-08-26 15:47:19 [INFO] 
[Métricas] RTSP: OFF | Câmera FPS: 25.0 | RAM: 51.00 MB | CPU
           Filas -> Cap: 0/200 (Drops: 0) | YOLO: 0/5 (Drops: 0)
           Estado: IDLE (Detecções ativas: 0)
           Restarts: Cap(0), YOLO(0), Rec(0)
2026-08-26 15:47:29 [INFO] 
[Métricas] RTSP: OFF | Câmera FPS: 25.0 | RAM: 51.00 MB | CPU
           Filas -> Cap: 0/200 (Drops: 0) | YOLO: 0/5 (Drops: 0)
           Estado: IDLE (Detecções ativas: 0)
           Restarts: Cap(0), YOLO(0), Rec(0)
2026-08-26 15:47:39 [INFO] 
[Métricas] RTSP: OFF | Câmera FPS: 25.0 | RAM: 51.00 MB | CPU
           Filas -> Cap: 0/200 (Drops: 0) | YOLO: 0/5 (Drops: 0)
           Estado: IDLE (Detecções ativas: 0)
           Restarts: Cap(0), YOLO(0), Rec(0)
2026-08-26 15:47:49 [INFO] 
[Métricas] RTSP: OFF | Câmera FPS: 25.0 | RAM: 51.00 MB | CPU
           Filas -> Cap: 0/200 (Drops: 0) | YOLO: 0/5 (Drops: 0)
           Estado: IDLE (Detecções ativas: 0)
           Restarts: Cap(0), YOLO(0), Rec(0)
2026-08-26 15:47:59 [INFO] 
[Métricas] RTSP: OFF | Câmera FPS: 25.0 | RAM: 51.00 MB | CPU
           Filas -> Cap: 0/200 (Drops: 0) | YOLO: 0/5 (Drops: 0)
           Estado: IDLE (Detecções ativas: 0)
           Restarts: Cap(0), YOLO(0), Rec(0)
2026-08-26 15:48:09 [INFO] 
[Métricas] RTSP: OFF | Câmera FPS: 25.0 | RAM: 51.00 MB | CPU
           Filas -> Cap: 0/200 (Drops: 0) | YOLO: 0/5 (Drops: 0)
           Estado: IDLE (Detecções ativas: 0)
           Restarts: Cap(0), YOLO(0), Rec(0)
2026-08-26 15:48:19 [INFO] 
[Métricas] RTSP: OFF | Câmera FPS: 25.0 | RAM: 51.00 MB | CPU
           Filas -> Cap: 0/200 (Drops: 0) | YOLO: 0/5 (Drops: 0)
           Estado: IDLE (Detecções ativas: 0)
           Restarts: Cap(0), YOLO(0), Rec(0)
2026-08-26 15:48:29 [INFO] 
[Métricas] RTSP: OFF | Câmera FPS: 25.0 | RAM: 51.00 MB | CPU
           Filas -> Cap: 0/200 (Drops: 0) | YOLO: 0/5 (Drops: 0)
           Estado: IDLE (Detecções ativas: 0)
           Restarts: Cap(0), YOLO(0), Rec(0)
2026-08-26 15:48:39 [INFO] 
[Métricas] RTSP: OFF | Câmera FPS: 25.0 | RAM: 51.00 MB | CPU
           Filas -> Cap: 0/200 (Drops: 0) | YOLO: 0/5 (Drops: 0)
           Estado: IDLE (Detecções ativas: 0)
           Restarts: Cap(0), YOLO(0), Rec(0)
2026-08-26 15:48:49 [INFO] 
[Métricas] RTSP: OFF | Câmera FPS: 25.0 | RAM: 51.00 MB | CPU
           Filas -> Cap: 0/200 (Drops: 0) | YOLO: 0/5 (Drops: 0)
           Estado: IDLE (Detecções ativas: 0)
           Restarts: Cap(0), YOLO(0), Rec(0)
2026-08-26 15:48:59 [INFO] 
[Métricas] RTSP: OFF | Câmera FPS: 25.0 | RAM: 51.00 MB | CPU
           Filas -> Cap: 0/200 (Drops: 0) | YOLO: 0/5 (Drops: 0)
           Estado: IDLE (Detecções ativas: 0)
           Restarts: Cap(0), YOLO(0), Rec(0)
2026-08-26 15:49:09 [INFO] 
[Métricas] RTSP: OFF | Câmera FPS: 25.0 | RAM: 51.00 MB | CPU
           Filas -> Cap: 0/200 (Drops: 0) | YOLO: 0/5 (Drops: 0)
           Estado: IDLE (Detecções ativas: 0)
           Restarts: Cap(0), YOLO(0), Rec(0)
2026-08-26 15:49:19 [INFO] 
[Métricas] RTSP: OFF | Câmera FPS: 25.0 | RAM: 51.00 MB | CPU
           Filas -> Cap: 0/200 (Drops: 0) | YOLO: 0/5 (Drops: 0)
           Estado: IDLE (Detecções ativas: 0)
           Restarts: Cap(0), YOLO(0), Rec(0)
2026-08-26 15:49:29 [INFO] 
[Métricas] RTSP: OFF | Câmera FPS: 25.0 | RAM: 51.00 MB | CPU
           Filas -> Cap: 0/200 (Drops: 0) | YOLO: 0/5 (Drops: 0)
           Estado: IDLE (Detecções ativas: 0)
           Restarts: Cap(0), YOLO(0), Rec(0)
2026-08-26 15:49:39 [INFO] 
[Métricas] RTSP: OFF | Câmera FPS: 25.0 | RAM: 51.00 MB | CPU
           Filas -> Cap: 0/200 (Drops: 0) | YOLO: 0/5 (Drops: 0)
           Estado: IDLE (Detecções ativas: 0)
           Restarts: Cap(0), YOLO(0), Rec(0)
2026-08-26 15:49:49 [INFO] 
[Métricas] RTSP: OFF | Câmera FPS: 25.0 | RAM: 51.00 MB | CPU
           Filas -> Cap: 0/200 (Drops: 0) | YOLO: 0/5 (Drops: 0)
           Estado: IDLE (Detecções ativas: 0)
           Restarts: Cap(0), YOLO(0), Rec(0)
2026-08-26 15:49:59 [INFO] 
[Métricas] RTSP: OFF | Câmera FPS: 25.0 | RAM: 51.00 MB | CPU
           Filas -> Cap: 0/200 (Drops: 0) | YOLO: 0/5 (Drops: 0)
           Estado: IDLE (Detecções ativas: 0)
           Restarts: Cap(0), YOLO(0), Rec(0)
2026-08-26 15:50:09 [INFO] 
[Métricas] RTSP: OFF | Câmera FPS: 25.0 | RAM: 51.00 MB | CPU
           Filas -> Cap: 0/200 (Drops: 0) | YOLO: 0/5 (Drops: 0)
           Estado: IDLE (Detecções ativas: 0)
           Restarts: Cap(0), YOLO(0), Rec(0)
2026-08-26 15:50:19 [INFO] 
[Métricas] RTSP: OFF | Câmera FPS: 25.0 | RAM: 51.00 MB | CPU
           Filas -> Cap: 0/200 (Drops: 0) | YOLO: 0/5 (Drops: 0)
           Estado: IDLE (Detecções ativas: 0)
           Restarts: Cap(0), YOLO(0), Rec(0)
2026-08-26 15:50:29 [INFO] 
[Métricas] RTSP: OFF | Câmera FPS: 25.0 | RAM: 51.00 MB | CPU
           Filas -> Cap: 0/200 (Drops: 0) | YOLO: 0/5 (Drops: 0)
           Estado: IDLE (Detecções ativas: 0)
           Restarts: Cap(0), YOLO(0), Rec(0)
2026-08-26 15:50:39 [INFO] 
[Métricas] RTSP: OFF | Câmera FPS: 25.0 | RAM: 51.00 MB | CPU
           Filas -> Cap: 0/200 (Drops: 0) | YOLO: 0/5 (Drops: 0)
           Estado: IDLE (Detecções ativas: 0)
           Restarts: Cap(0), YOLO(0), Rec(0)
2026-08-26 15:50:49 [INFO] 
[Métricas] RTSP: OFF | Câmera FPS: 25.0 | RAM: 51.00 MB | CPU
           Filas -> Cap: 0/200 (Drops: 0) | YOLO: 0/5 (Drops: 0)
           Estado: IDLE (Detecções ativas: 0)
           Restarts: Cap(0), YOLO(0), Rec(0)
2026-08-26 15:50:59 [INFO] 
[Métricas] RTSP: OFF | Câmera FPS: 25.0 | RAM: 51.00 MB | CPU
           Filas -> Cap: 0/200 (Drops: 0) | YOLO: 0/5 (Drops: 0)
           Estado: IDLE (Detecções ativas: 0)
           Restarts: Cap(0), YOLO(0), Rec(0)
2026-08-26 15:51:09 [INFO] 
[Métricas] RTSP: OFF | Câmera FPS: 25.0 | RAM: 51.00 MB | CPU
           Filas -> Cap: 0/200 (Drops: 0) | YOLO: 0/5 (Drops: 0)
           Estado: IDLE (Detecções ativas: 0)
           Restarts: Cap(0), YOLO(0), Rec(0)
2026-08-26 15:51:19 [INFO] 
[Métricas] RTSP: OFF | Câmera FPS: 25.0 | RAM: 51.00 MB | CPU
           Filas -> Cap: 0/200 (Drops: 0) | YOLO: 0/5 (Drops: 0)
           Estado: IDLE (Detecções ativas: 0)
           Restarts: Cap(0), YOLO(0), Rec(0)
2026-08-26 15:51:29 [INFO] 
[Métricas] RTSP: OFF | Câmera FPS: 25.0 | RAM: 51.00 MB | CPU
           Filas -> Cap: 0/200 (Drops: 0) | YOLO: 0/5 (Drops: 0)
           Estado: IDLE (Detecções ativas: 0)
           Restarts: Cap(0), YOLO(0), Rec(0)
2026-08-26 15:51:39 [INFO] 
[Métricas] RTSP: OFF | Câmera FPS: 25.0 | RAM: 51.00 MB | CPU
           Filas -> Cap: 0/200 (Drops: 0) | YOLO: 0/5 (Drops: 0)
           Estado: IDLE (Detecções ativas: 0)
           Restarts: Cap(0), YOLO(0), Rec(0)
2026-08-26 15:51:49 [INFO] 
[Métricas] RTSP: OFF | Câmera FPS: 25.0 | RAM: 51.00 MB | CPU
           Filas -> Cap: 0/200 (Drops: 0) | YOLO: 0/5 (Drops: 0)
           Estado: IDLE (Detecções ativas: 0)
           Restarts: Cap(0), YOLO(0), Rec(0)
2026-08-26 15:51:59 [INFO] 
[Métricas] RTSP: OFF | Câmera FPS: 25.0 | RAM: 51.00 MB | CPU
           Filas -> Cap: 0/200 (Drops: 0) | YOLO: 0/5 (Drops: 0)
           Estado: IDLE (Detecções ativas: 0)
           Restarts: Cap(0), YOLO(0), Rec(0)
2026-08-26 15:52:09 [INFO] 
[Métricas] RTSP: OFF | Câmera FPS: 25.0 | RAM: 51.00 MB | CPU
           Filas -> Cap: 0/200 (Drops: 0) | YOLO: 0/5 (Drops: 0)
           Estado: IDLE (Detecções ativas: 0)
           Restarts: Cap(0), YOLO(0), Rec(0)
2026-08-26 15:52:19 [INFO] 
[Métricas] RTSP: OFF | Câmera FPS: 25.0 | RAM: 51.00 MB | CPU
           Filas -> Cap: 0/200 (Drops: 0) | YOLO: 0/5 (Drops: 0)
           Estado: IDLE (Detecções ativas: 0)
           Restarts: Cap(0), YOLO(0), Rec(0)
2026-08-26 15:52:29 [INFO] 
[Métricas] RTSP: OFF | Câmera FPS: 25.0 | RAM: 51.00 MB | CPU
           Filas -> Cap: 0/200 (Drops: 0) | YOLO: 0/5 (Drops: 0)
           Estado: IDLE (Detecções ativas: 0)
           Restarts: Cap(0), YOLO(0), Rec(0)
2026-08-26 15:52:39 [INFO] 
[Métricas] RTSP: OFF | Câmera FPS: 25.0 | RAM: 51.00 MB | CPU
           Filas -> Cap: 0/200 (Drops: 0) | YOLO: 0/5 (Drops: 0)
           Estado: IDLE (Detecções ativas: 0)
           Restarts: Cap(0), YOLO(0), Rec(0)
2026-08-26 15:52:49 [INFO] 
[Métricas] RTSP: OFF | Câmera FPS: 25.0 | RAM: 51.00 MB | CPU
           Filas -> Cap: 0/200 (Drops: 0) | YOLO: 0/5 (Drops: 0)
           Estado: IDLE (Detecções ativas: 0)
           Restarts: Cap(0), YOLO(0), Rec(0)
2026-08-26 15:52:59 [INFO] 
[Métricas] RTSP: OFF | Câmera FPS: 25.0 | RAM: 51.00 MB | CPU
           Filas -> Cap: 0/200 (Drops: 0) | YOLO: 0/5 (Drops: 0)
           Estado: IDLE (Detecções ativas: 0)
           Restarts: Cap(0), YOLO(0), Rec(0)
2026-08-26 15:53:09 [INFO] 
[Métricas] RTSP: OFF | Câmera FPS: 25.0 | RAM: 51.00 MB | CPU
           Filas -> Cap: 0/200 (Drops: 0) | YOLO: 0/5 (Drops: 0)
           Estado: IDLE (Detecções ativas: 0)
           Restarts: Cap(0), YOLO(0), Rec(0)
2026-08-26 15:53:19 [INFO] 
[Métricas] RTSP: OFF | Câmera FPS: 25.0 | RAM: 51.00 MB | CPU
           Filas -> Cap: 0/200 (Drops: 0) | YOLO: 0/5 (Drops: 0)
           Estado: IDLE (Detecções ativas: 0)
           Restarts: Cap(0), YOLO(0), Rec(0)
2026-08-26 15:53:29 [INFO] 
[Métricas] RTSP: OFF | Câmera FPS: 25.0 | RAM: 51.00 MB | CPU
           Filas -> Cap: 0/200 (Drops: 0) | YOLO: 0/5 (Drops: 0)
           Estado: IDLE (Detecções ativas: 0)
           Restarts: Cap(0), YOLO(0), Rec(0)
2026-08-26 15:53:39 [INFO] 
[Métricas] RTSP: OFF | Câmera FPS: 25.0 | RAM: 51.00 MB | CPU
           Filas -> Cap: 0/200 (Drops: 0) | YOLO: 0/5 (Drops: 0)
           Estado: IDLE (Detecções ativas: 0)
           Restarts: Cap(0), YOLO(0), Rec(0)
2026-08-26 15:53:49 [INFO] 
[Métricas] RTSP: OFF | Câmera FPS: 25.0 | RAM: 51.00 MB | CPU
           Filas -> Cap: 0/200 (Drops: 0) | YOLO: 0/5 (Drops: 0)
           Estado: IDLE (Detecções ativas: 0)
           Restarts: Cap(0), YOLO(0), Rec(0)
2026-08-26 15:53:59 [INFO] 
[Métricas] RTSP: OFF | Câmera FPS: 25.0 | RAM: 51.00 MB | CPU
           Filas -> Cap: 0/200 (Drops: 0) | YOLO: 0/5 (Drops: 0)
           Estado: IDLE (Detecções ativas: 0)
           Restarts: Cap(0), YOLO(0), Rec(0)
2026-08-26 15:54:09 [INFO] 
[Métricas] RTSP: OFF | Câmera FPS: 25.0 | RAM: 51.00 MB | CPU
           Filas -> Cap: 0/200 (Drops: 0) | YOLO: 0/5 (Drops: 0)
           Estado: IDLE (Detecções ativas: 0)
           Restarts: Cap(0), YOLO(0), Rec(0)
2026-08-26 15:54:19 [INFO] 
[Métricas] RTSP: OFF | Câmera FPS: 25.0 | RAM: 51.00 MB | CPU
           Filas -> Cap: 0/200 (Drops: 0) | YOLO: 0/5 (Drops: 0)
           Estado: IDLE (Detecções ativas: 0)
           Restarts: Cap(0), YOLO(0), Rec(0)
2026-08-26 15:54:29 [INFO] 
[Métricas] RTSP: OFF | Câmera FPS: 25.0 | RAM: 51.00 MB | CPU
           Filas -> Cap: 0/200 (Drops: 0) | YOLO: 0/5 (Drops: 0)
           Estado: IDLE (Detecções ativas: 0)
           Restarts: Cap(0), YOLO(0), Rec(0)
2026-08-26 15:54:39 [INFO] 
[Métricas] RTSP: OFF | Câmera FPS: 25.0 | RAM: 51.00 MB | CPU
           Filas -> Cap: 0/200 (Drops: 0) | YOLO: 0/5 (Drops: 0)
           Estado: IDLE (Detecções ativas: 0)
           Restarts: Cap(0), YOLO(0), Rec(0)
2026-08-26 15:54:49 [INFO] 
[Métricas] RTSP: OFF | Câmera FPS: 25.0 | RAM: 51.00 MB | CPU
           Filas -> Cap: 0/200 (Drops: 0) | YOLO: 0/5 (Drops: 0)
           Estado: IDLE (Detecções ativas: 0)
           Restarts: Cap(0), YOLO(0), Rec(0)
2026-08-26 15:54:59 [INFO] 
[Métricas] RTSP: OFF | Câmera FPS: 25.0 | RAM: 51.00 MB | CPU
           Filas -> Cap: 0/200 (Drops: 0) | YOLO: 0/5 (Drops: 0)
           Estado: IDLE (Detecções ativas: 0)
           Restarts: Cap(0), YOLO(0), Rec(0)
2026-08-26 15:55:09 [INFO] 
[Métricas] RTSP: OFF | Câmera FPS: 25.0 | RAM: 51.00 MB | CPU
           Filas -> Cap: 0/200 (Drops: 0) | YOLO: 0/5 (Drops: 0)
           Estado: IDLE (Detecções ativas: 0)
           Restarts: Cap(0), YOLO(0), Rec(0)
2026-08-26 15:55:19 [INFO] 
[Métricas] RTSP: OFF | Câmera FPS: 25.0 | RAM: 51.00 MB | CPU
           Filas -> Cap: 0/200 (Drops: 0) | YOLO: 0/5 (Drops: 0)
           Estado: IDLE (Detecções ativas: 0)
           Restarts: Cap(0), YOLO(0), Rec(0)
2026-08-26 15:55:29 [INFO] 
[Métricas] RTSP: OFF | Câmera FPS: 25.0 | RAM: 51.00 MB | CPU
           Filas -> Cap: 0/200 (Drops: 0) | YOLO: 0/5 (Drops: 0)
           Estado: IDLE (Detecções ativas: 0)
           Restarts: Cap(0), YOLO(0), Rec(0)
2026-08-26 15:55:39 [INFO] 
[Métricas] RTSP: OFF | Câmera FPS: 25.0 | RAM: 51.00 MB | CPU
           Filas -> Cap: 0/200 (Drops: 0) | YOLO: 0/5 (Drops: 0)
           Estado: IDLE (Detecções ativas: 0)
           Restarts: Cap(0), YOLO(0), Rec(0)
2026-08-26 15:55:49 [INFO] 
[Métricas] RTSP: OFF | Câmera FPS: 25.0 | RAM: 51.00 MB | CPU
           Filas -> Cap: 0/200 (Drops: 0) | YOLO: 0/5 (Drops: 0)
           Estado: IDLE (Detecções ativas: 0)
           Restarts: Cap(0), YOLO(0), Rec(0)
2026-08-26 15:55:59 [INFO] 
[Métricas] RTSP: OFF | Câmera FPS: 25.0 | RAM: 51.00 MB | CPU
           Filas -> Cap: 0/200 (Drops: 0) | YOLO: 0/5 (Drops: 0)
           Estado: IDLE (Detecções ativas: 0)
           Restarts: Cap(0), YOLO(0), Rec(0)
2026-08-26 15:56:09 [INFO] 
[Métricas] RTSP: OFF | Câmera FPS: 25.0 | RAM: 51.00 MB | CPU
           Filas -> Cap: 0/200 (Drops: 0) | YOLO: 0/5 (Drops: 0)
           Estado: IDLE (Detecções ativas: 0)
           Restarts: Cap(0), YOLO(0), Rec(0)
2026-08-26 15:56:19 [INFO] 
[Métricas] RTSP: OFF | Câmera FPS: 25.0 | RAM: 51.00 MB | CPU
           Filas -> Cap: 0/200 (Drops: 0) | YOLO: 0/5 (Drops: 0)
           Estado: IDLE (Detecções ativas: 0)
           Restarts: Cap(0), YOLO(0), Rec(0)
2026-08-26 15:56:29 [INFO] 
[Métricas] RTSP: OFF | Câmera FPS: 25.0 | RAM: 51.00 MB | CPU
           Filas -> Cap: 0/200 (Drops: 0) | YOLO: 0/5 (Drops: 0)
           Estado: IDLE (Detecções ativas: 0)
           Restarts: Cap(0), YOLO(0), Rec(0)
2026-08-26 15:56:39 [INFO] 
[Métricas] RTSP: OFF | Câmera FPS: 25.0 | RAM: 51.00 MB | CPU
           Filas -> Cap: 0/200 (Drops: 0) | YOLO: 0/5 (Drops: 0)
           Estado: IDLE (Detecções ativas: 0)
           Restarts: Cap(0), YOLO(0), Rec(0)
2026-08-26 15:56:49 [INFO] 
[Métricas] RTSP: OFF | Câmera FPS: 25.0 | RAM: 51.00 MB | CPU
           Filas -> Cap: 0/200 (Drops: 0) | YOLO: 0/5 (Drops: 0)
           Estado: IDLE (Detecções ativas: 0)
           Restarts: Cap(0), YOLO(0), Rec(0)
2026-08-26 15:56:59 [INFO] 
[Métricas] RTSP: OFF | Câmera FPS: 25.0 | RAM: 51.00 MB | CPU
           Filas -> Cap: 0/200 (Drops: 0) | YOLO: 0/5 (Drops: 0)
           Estado: IDLE (Detecções ativas: 0)
           Restarts: Cap(0), YOLO(0), Rec(0)
2026-08-26 15:57:09 [INFO] 
[Métricas] RTSP: OFF | Câmera FPS: 25.0 | RAM: 51.00 MB | CPU
           Filas -> Cap: 0/200 (Drops: 0) | YOLO: 0/5 (Drops: 0)
           Estado: IDLE (Detecções ativas: 0)
           Restarts: Cap(0), YOLO(0), Rec(0)
2026-08-26 15:57:19 [INFO] 
[Métricas] RTSP: OFF | Câmera FPS: 25.0 | RAM: 51.00 MB | CPU
           Filas -> Cap: 0/200 (Drops: 0) | YOLO: 0/5 (Drops: 0)
           Estado: IDLE (Detecções ativas: 0)
           Restarts: Cap(0), YOLO(0), Rec(0)
2026-08-26 15:57:29 [INFO] 
[Métricas] RTSP: OFF | Câmera FPS: 25.0 | RAM: 51.00 MB | CPU
           Filas -> Cap: 0/200 (Drops: 0) | YOLO: 0/5 (Drops: 0)
           Estado: IDLE (Detecções ativas: 0)
           Restarts: Cap(0), YOLO(0), Rec(0)
2026-08-26 15:57:39 [INFO] 
[Métricas] RTSP: OFF | Câmera FPS: 25.0 | RAM: 51.00 MB | CPU
           Filas -> Cap: 0/200 (Drops: 0) | YOLO: 0/5 (Drops: 0)
           Estado: IDLE (Detecções ativas: 0)
           Restarts: Cap(0), YOLO(0), Rec(0)
2026-08-26 15:57:49 [INFO] 
[Métricas] RTSP: OFF | Câmera FPS: 25.0 | RAM: 51.00 MB | CPU
           Filas -> Cap: 0/200 (Drops: 0) | YOLO: 0/5 (Drops: 0)
           Estado: IDLE (Detecções ativas: 0)
           Restarts: Cap(0), YOLO(0), Rec(0)
2026-08-26 15:57:59 [INFO] 
[Métricas] RTSP: OFF | Câmera FPS: 25.0 | RAM: 51.00 MB | CPU
           Filas -> Cap: 0/200 (Drops: 0) | YOLO: 0/5 (Drops: 0)
           Estado: IDLE (Detecções ativas: 0)
           Restarts: Cap(0), YOLO(0), Rec(0)
2026-08-26 15:58:09 [INFO] 
[Métricas] RTSP: OFF | Câmera FPS: 25.0 | RAM: 51.00 MB | CPU
           Filas -> Cap: 0/200 (Drops: 0) | YOLO: 0/5 (Drops: 0)
           Estado: IDLE (Detecções ativas: 0)
           Restarts: Cap(0), YOLO(0), Rec(0)
2026-08-26 15:58:19 [INFO] 
[Métricas] RTSP: OFF | Câmera FPS: 25.0 | RAM: 51.00 MB | CPU
           Filas -> Cap: 0/200 (Drops: 0) | YOLO: 0/5 (Drops: 0)
           Estado: IDLE (Detecções ativas: 0)
           Restarts: Cap(0), YOLO(0), Rec(0)
2026-08-26 15:58:29 [INFO] 
[Métricas] RTSP: OFF | Câmera FPS: 25.0 | RAM: 51.00 MB | CPU
           Filas -> Cap: 0/200 (Drops: 0) | YOLO: 0/5 (Drops: 0)
           Estado: IDLE (Detecções ativas: 0)
           Restarts: Cap(0), YOLO(0), Rec(0)
2026-08-26 15:58:39 [INFO] 
[Métricas] RTSP: OFF | Câmera FPS: 25.0 | RAM: 51.00 MB | CPU
           Filas -> Cap: 0/200 (Drops: 0) | YOLO: 0/5 (Drops: 0)
           Estado: IDLE (Detecções ativas: 0)
           Restarts: Cap(0), YOLO(0), Rec(0)
2026-08-26 15:58:49 [INFO] 
[Métricas] RTSP: OFF | Câmera FPS: 25.0 | RAM: 51.00 MB | CPU
           Filas -> Cap: 0/200 (Drops: 0) | YOLO: 0/5 (Drops: 0)
           Estado: IDLE (Detecções ativas: 0)
           Restarts: Cap(0), YOLO(0), Rec(0)
2026-08-26 15:58:59 [INFO] 
[Métricas] RTSP: OFF | Câmera FPS: 25.0 | RAM: 51.00 MB | CPU
           Filas -> Cap: 0/200 (Drops: 0) | YOLO: 0/5 (Drops: 0)
           Estado: IDLE (Detecções ativas: 0)
           Restarts: Cap(0), YOLO(0), Rec(0)
2026-08-26 15:59:09 [INFO] 
[Métricas] RTSP: OFF | Câmera FPS: 25.0 | RAM: 51.00 MB | CPU
           Filas -> Cap: 0/200 (Drops: 0) | YOLO: 0/5 (Drops: 0)
           Estado: IDLE (Detecções ativas: 0)
           Restarts: Cap(0), YOLO(0), Rec(0)
2026-08-26 15:59:19 [INFO] 
[Métricas] RTSP: OFF | Câmera FPS: 25.0 | RAM: 51.00 MB | CPU
           Filas -> Cap: 0/200 (Drops: 0) | YOLO: 0/5 (Drops: 0)
           Estado: IDLE (Detecções ativas: 0)
           Restarts: Cap(0), YOLO(0), Rec(0)
2026-08-26 15:59:29 [INFO] 
[Métricas] RTSP: OFF | Câmera FPS: 25.0 | RAM: 51.00 MB | CPU
           Filas -> Cap: 0/200 (Drops: 0) | YOLO: 0/5 (Drops: 0)
           Estado: IDLE (Detecções ativas: 0)
           Restarts: Cap(0), YOLO(0), Rec(0)
2026-08-26 15:59:39 [INFO] 
[Métricas] RTSP: OFF | Câmera FPS: 25.0 | RAM: 51.00 MB | CPU
           Filas -> Cap: 0/200 (Drops: 0) | YOLO: 0/5 (Drops: 0)
           Estado: IDLE (Detecções ativas: 0)
           Restarts: Cap(0), YOLO(0), Rec(0)
2026-08-26 15:59:49 [INFO] 
[Métricas] RTSP: OFF | Câmera FPS: 25.0 | RAM: 51.00 MB | CPU
           Filas -> Cap: 0/200 (Drops: 0) | YOLO: 0/5 (Drops: 0)
           Estado: IDLE (Detecções ativas: 0)
           Restarts: Cap(0), YOLO(0), Rec(0)
2026-08-26 15:59:59 [INFO] 
[Métricas] RTSP: OFF | Câmera FPS: 25.0 | RAM: 51.00 MB | CPU
           Filas -> Cap: 0/200 (Drops: 0) | YOLO: 0/5 (Drops: 0)
           Estado: IDLE (Detecções ativas: 0)
           Restarts: Cap(0), YOLO(0), Rec(0)
2026-08-26 16:00:09 [INFO] 
[Métricas] RTSP: OFF | Câmera FPS: 25.0 | RAM: 51.00 MB | CPU
           Filas -> Cap: 0/200 (Drops: 0) | YOLO: 0/5 (Drops: 0)
           Estado: IDLE (Detecções ativas: 0)
           Restarts: Cap(0), YOLO(0), Rec(0)
2026-08-26 16:00:19 [INFO] 
[Métricas] RTSP: OFF | Câmera FPS: 25.0 | RAM: 51.00 MB | CPU
           Filas -> Cap: 0/200 (Drops: 0) | YOLO: 0/5 (Drops: 0)
           Estado: IDLE (Detecções ativas: 0)
           Restarts: Cap(0), YOLO(0), Rec(0)
2026-08-26 16:00:29 [INFO] 
[Métricas] RTSP: OFF | Câmera FPS: 25.0 | RAM: 51.00 MB | CPU
           Filas -> Cap: 0/200 (Drops: 0) | YOLO: 0/5 (Drops: 0)
           Estado: IDLE (Detecções ativas: 0)
           Restarts: Cap(0), YOLO(0), Rec(0)
2026-08-26 16:00:39 [INFO] 
[Métricas] RTSP: OFF | Câmera FPS: 25.0 | RAM: 51.00 MB | CPU
           Filas -> Cap: 0/200 (Drops: 0) | YOLO: 0/5 (Drops: 0)
           Estado: IDLE (Detecções ativas: 0)
           Restarts: Cap(0), YOLO(0), Rec(0)
2026-08-26 16:00:49 [INFO] 
[Métricas] RTSP: OFF | Câmera FPS: 25.0 | RAM: 51.00 MB | CPU
           Filas -> Cap: 0/200 (Drops: 0) | YOLO: 0/5 (Drops: 0)
           Estado: IDLE (Detecções ativas: 0)
           Restarts: Cap(0), YOLO(0), Rec(0)
2026-08-26 16:00:59 [INFO] 
[Métricas] RTSP: OFF | Câmera FPS: 25.0 | RAM: 51.00 MB | CPU
           Filas -> Cap: 0/200 (Drops: 0) | YOLO: 0/5 (Drops: 0)
           Estado: IDLE (Detecções ativas: 0)
           Restarts: Cap(0), YOLO(0), Rec(0)
2026-08-26 16:01:09 [INFO] 
[Métricas] RTSP: OFF | Câmera FPS: 25.0 | RAM: 51.00 MB | CPU
           Filas -> Cap: 0/200 (Drops: 0) | YOLO: 0/5 (Drops: 0)
           Estado: IDLE (Detecções ativas: 0)
           Restarts: Cap(0), YOLO(0), Rec(0)
2026-08-26 16:01:19 [INFO] 
[Métricas] RTSP: OFF | Câmera FPS: 25.0 | RAM: 51.00 MB | CPU
           Filas -> Cap: 0/200 (Drops: 0) | YOLO: 0/5 (Drops: 0)
           Estado: IDLE (Detecções ativas: 0)
           Restarts: Cap(0), YOLO(0), Rec(0)
2026-08-26 16:01:29 [INFO] 
[Métricas] RTSP: OFF | Câmera FPS: 25.0 | RAM: 51.00 MB | CPU
           Filas -> Cap: 0/200 (Drops: 0) | YOLO: 0/5 (Drops: 0)
           Estado: IDLE (Detecções ativas: 0)
           Restarts: Cap(0), YOLO(0), Rec(0)
2026-08-26 16:01:39 [INFO] 
[Métricas] RTSP: OFF | Câmera FPS: 25.0 | RAM: 51.00 MB | CPU
           Filas -> Cap: 0/200 (Drops: 0) | YOLO: 0/5 (Drops: 0)
           Estado: IDLE (Detecções ativas: 0)
           Restarts: Cap(0), YOLO(0), Rec(0)
2026-08-26 16:01:49 [INFO] 
[Métricas] RTSP: OFF | Câmera FPS: 25.0 | RAM: 51.00 MB | CPU
           Filas -> Cap: 0/200 (Drops: 0) | YOLO: 0/5 (Drops: 0)
           Estado: IDLE (Detecções ativas: 0)
           Restarts: Cap(0), YOLO(0), Rec(0)
2026-08-26 16:01:59 [INFO] 
[Métricas] RTSP: OFF | Câmera FPS: 25.0 | RAM: 51.00 MB | CPU
           Filas -> Cap: 0/200 (Drops: 0) | YOLO: 0/5 (Drops: 0)
           Estado: IDLE (Detecções ativas: 0)
           Restarts: Cap(0), YOLO(0), Rec(0)
2026-08-26 16:02:09 [INFO] 
[Métricas] RTSP: OFF | Câmera FPS: 25.0 | RAM: 51.00 MB | CPU
           Filas -> Cap: 0/200 (Drops: 0) | YOLO: 0/5 (Drops: 0)
           Estado: IDLE (Detecções ativas: 0)
           Restarts: Cap(0), YOLO(0), Rec(0)
2026-08-26 16:02:19 [INFO] 
[Métricas] RTSP: OFF | Câmera FPS: 25.0 | RAM: 51.00 MB | CPU
           Filas -> Cap: 0/200 (Drops: 0) | YOLO: 0/5 (Drops: 0)
           Estado: IDLE (Detecções ativas: 0)
           Restarts: Cap(0), YOLO(0), Rec(0)
2026-08-26 16:02:30 [INFO] 
[Métricas] RTSP: OFF | Câmera FPS: 25.0 | RAM: 51.00 MB | CPU
           Filas -> Cap: 0/200 (Drops: 0) | YOLO: 0/5 (Drops: 0)
           Estado: IDLE (Detecções ativas: 0)
           Restarts: Cap(0), YOLO(0), Rec(0)
2026-08-26 16:02:40 [INFO] 
[Métricas] RTSP: OFF | Câmera FPS: 25.0 | RAM: 51.00 MB | CPU
           Filas -> Cap: 0/200 (Drops: 0) | YOLO: 0/5 (Drops: 0)
           Estado: IDLE (Detecções ativas: 0)
           Restarts: Cap(0), YOLO(0), Rec(0)
2026-08-26 16:02:50 [INFO] 
[Métricas] RTSP: OFF | Câmera FPS: 25.0 | RAM: 51.00 MB | CPU
           Filas -> Cap: 0/200 (Drops: 0) | YOLO: 0/5 (Drops: 0)
           Estado: IDLE (Detecções ativas: 0)
           Restarts: Cap(0), YOLO(0), Rec(0)
2026-08-26 16:03:00 [INFO] 
[Métricas] RTSP: OFF | Câmera FPS: 25.0 | RAM: 51.00 MB | CPU
           Filas -> Cap: 0/200 (Drops: 0) | YOLO: 0/5 (Drops: 0)
           Estado: IDLE (Detecções ativas: 0)
           Restarts: Cap(0), YOLO(0), Rec(0)
2026-08-26 16:03:10 [INFO] 
[Métricas] RTSP: OFF | Câmera FPS: 25.0 | RAM: 51.00 MB | CPU
           Filas -> Cap: 0/200 (Drops: 0) | YOLO: 0/5 (Drops: 0)
           Estado: IDLE (Detecções ativas: 0)
           Restarts: Cap(0), YOLO(0), Rec(0)
2026-08-26 16:03:20 [INFO] 
[Métricas] RTSP: OFF | Câmera FPS: 25.0 | RAM: 51.00 MB | CPU
           Filas -> Cap: 0/200 (Drops: 0) | YOLO: 0/5 (Drops: 0)
           Estado: IDLE (Detecções ativas: 0)
           Restarts: Cap(0), YOLO(0), Rec(0)
2026-08-26 16:03:30 [INFO] 
[Métricas] RTSP: OFF | Câmera FPS: 25.0 | RAM: 51.00 MB | CPU
           Filas -> Cap: 0/200 (Drops: 0) | YOLO: 0/5 (Drops: 0)
           Estado: IDLE (Detecções ativas: 0)
           Restarts: Cap(0), YOLO(0), Rec(0)
2026-08-26 16:03:40 [INFO] 
[Métricas] RTSP: OFF | Câmera FPS: 25.0 | RAM: 51.00 MB | CPU
           Filas -> Cap: 0/200 (Drops: 0) | YOLO: 0/5 (Drops: 0)
           Estado: IDLE (Detecções ativas: 0)
           Restarts: Cap(0), YOLO(0), Rec(0)
2026-08-26 16:03:50 [INFO] 
[Métricas] RTSP: OFF | Câmera FPS: 25.0 | RAM: 51.00 MB | CPU
           Filas -> Cap: 0/200 (Drops: 0) | YOLO: 0/5 (Drops: 0)
           Estado: IDLE (Detecções ativas: 0)
           Restarts: Cap(0), YOLO(0), Rec(0)
2026-08-26 16:04:00 [INFO] 
[Métricas] RTSP: OFF | Câmera FPS: 25.0 | RAM: 51.00 MB | CPU
           Filas -> Cap: 0/200 (Drops: 0) | YOLO: 0/5 (Drops: 0)
           Estado: IDLE (Detecções ativas: 0)
           Restarts: Cap(0), YOLO(0), Rec(0)
2026-08-26 16:04:10 [INFO] 
[Métricas] RTSP: OFF | Câmera FPS: 25.0 | RAM: 51.00 MB | CPU
           Filas -> Cap: 0/200 (Drops: 0) | YOLO: 0/5 (Drops: 0)
           Estado: IDLE (Detecções ativas: 0)
           Restarts: Cap(0), YOLO(0), Rec(0)
2026-08-26 16:04:20 [INFO] 
[Métricas] RTSP: OFF | Câmera FPS: 25.0 | RAM: 51.00 MB | CPU
           Filas -> Cap: 0/200 (Drops: 0) | YOLO: 0/5 (Drops: 0)
           Estado: IDLE (Detecções ativas: 0)
           Restarts: Cap(0), YOLO(0), Rec(0)
2026-08-26 16:04:30 [INFO] 
[Métricas] RTSP: OFF | Câmera FPS: 25.0 | RAM: 51.00 MB | CPU
           Filas -> Cap: 0/200 (Drops: 0) | YOLO: 0/5 (Drops: 0)
           Estado: IDLE (Detecções ativas: 0)
           Restarts: Cap(0), YOLO(0), Rec(0)
2026-08-26 16:04:40 [INFO] 
[Métricas] RTSP: OFF | Câmera FPS: 25.0 | RAM: 51.00 MB | CPU
           Filas -> Cap: 0/200 (Drops: 0) | YOLO: 0/5 (Drops: 0)
           Estado: IDLE (Detecções ativas: 0)
           Restarts: Cap(0), YOLO(0), Rec(0)
2026-08-26 16:04:50 [INFO] 
[Métricas] RTSP: OFF | Câmera FPS: 25.0 | RAM: 51.00 MB | CPU
           Filas -> Cap: 0/200 (Drops: 0) | YOLO: 0/5 (Drops: 0)
           Estado: IDLE (Detecções ativas: 0)
           Restarts: Cap(0), YOLO(0), Rec(0)
2026-08-26 16:05:00 [INFO] 
[Métricas] RTSP: OFF | Câmera FPS: 25.0 | RAM: 51.00 MB | CPU
           Filas -> Cap: 0/200 (Drops: 0) | YOLO: 0/5 (Drops: 0)
           Estado: IDLE (Detecções ativas: 0)
           Restarts: Cap(0), YOLO(0), Rec(0)
2026-08-26 16:05:10 [INFO] 
[Métricas] RTSP: OFF | Câmera FPS: 25.0 | RAM: 51.00 MB | CPU
           Filas -> Cap: 0/200 (Drops: 0) | YOLO: 0/5 (Drops: 0)
           Estado: IDLE (Detecções ativas: 0)
           Restarts: Cap(0), YOLO(0), Rec(0)
2026-08-26 16:05:20 [INFO] 
[Métricas] RTSP: OFF | Câmera FPS: 25.0 | RAM: 51.00 MB | CPU
           Filas -> Cap: 0/200 (Drops: 0) | YOLO: 0/5 (Drops: 0)
           Estado: IDLE (Detecções ativas: 0)
           Restarts: Cap(0), YOLO(0), Rec(0)
2026-08-26 16:05:30 [INFO] 
[Métricas] RTSP: OFF | Câmera FPS: 25.0 | RAM: 51.00 MB | CPU
           Filas -> Cap: 0/200 (Drops: 0) | YOLO: 0/5 (Drops: 0)
           Estado: IDLE (Detecções ativas: 0)
           Restarts: Cap(0), YOLO(0), Rec(0)
2026-08-26 16:05:40 [INFO] 
[Métricas] RTSP: OFF | Câmera FPS: 25.0 | RAM: 51.00 MB | CPU
           Filas -> Cap: 0/200 (Drops: 0) | YOLO: 0/5 (Drops: 0)
           Estado: IDLE (Detecções ativas: 0)
           Restarts: Cap(0), YOLO(0), Rec(0)
2026-08-26 16:05:50 [INFO] 
[Métricas] RTSP: OFF | Câmera FPS: 25.0 | RAM: 51.00 MB | CPU
           Filas -> Cap: 0/200 (Drops: 0) | YOLO: 0/5 (Drops: 0)
           Estado: IDLE (Detecções ativas: 0)
           Restarts: Cap(0), YOLO(0), Rec(0)
2026-08-26 16:06:00 [INFO] 
[Métricas] RTSP: OFF | Câmera FPS: 25.0 | RAM: 51.00 MB | CPU
           Filas -> Cap: 0/200 (Drops: 0) | YOLO: 0/5 (Drops: 0)
           Estado: IDLE (Detecções ativas: 0)
           Restarts: Cap(0), YOLO(0), Rec(0)
2026-08-26 16:06:10 [INFO] 
[Métricas] RTSP: OFF | Câmera FPS: 25.0 | RAM: 51.00 MB | CPU
           Filas -> Cap: 0/200 (Drops: 0) | YOLO: 0/5 (Drops: 0)
           Estado: IDLE (Detecções ativas: 0)
           Restarts: Cap(0), YOLO(0), Rec(0)
2026-08-26 16:06:20 [INFO] 
[Métricas] RTSP: OFF | Câmera FPS: 25.0 | RAM: 51.00 MB | CPU
           Filas -> Cap: 0/200 (Drops: 0) | YOLO: 0/5 (Drops: 0)
           Estado: IDLE (Detecções ativas: 0)
           Restarts: Cap(0), YOLO(0), Rec(0)
2026-08-26 16:06:30 [INFO] 
[Métricas] RTSP: OFF | Câmera FPS: 25.0 | RAM: 51.00 MB | CPU
           Filas -> Cap: 0/200 (Drops: 0) | YOLO: 0/5 (Drops: 0)
           Estado: IDLE (Detecções ativas: 0)
           Restarts: Cap(0), YOLO(0), Rec(0)
2026-08-26 16:06:40 [INFO] 
[Métricas] RTSP: OFF | Câmera FPS: 25.0 | RAM: 51.00 MB | CPU
           Filas -> Cap: 0/200 (Drops: 0) | YOLO: 0/5 (Drops: 0)
           Estado: IDLE (Detecções ativas: 0)
           Restarts: Cap(0), YOLO(0), Rec(0)
2026-08-26 16:06:50 [INFO] 
[Métricas] RTSP: OFF | Câmera FPS: 25.0 | RAM: 51.00 MB | CPU
           Filas -> Cap: 0/200 (Drops: 0) | YOLO: 0/5 (Drops: 0)
           Estado: IDLE (Detecções ativas: 0)
           Restarts: Cap(0), YOLO(0), Rec(0)
2026-08-26 16:07:00 [INFO] 
[Métricas] RTSP: OFF | Câmera FPS: 25.0 | RAM: 51.00 MB | CPU
           Filas -> Cap: 0/200 (Drops: 0) | YOLO: 0/5 (Drops: 0)
           Estado: IDLE (Detecções ativas: 0)
           Restarts: Cap(0), YOLO(0), Rec(0)
2026-08-26 16:07:10 [INFO] 
[Métricas] RTSP: OFF | Câmera FPS: 25.0 | RAM: 51.00 MB | CPU
           Filas -> Cap: 0/200 (Drops: 0) | YOLO: 0/5 (Drops: 0)
           Estado: IDLE (Detecções ativas: 0)
           Restarts: Cap(0), YOLO(0), Rec(0)
2026-08-26 16:07:20 [INFO] 
[Métricas] RTSP: OFF | Câmera FPS: 25.0 | RAM: 51.00 MB | CPU
           Filas -> Cap: 0/200 (Drops: 0) | YOLO: 0/5 (Drops: 0)
           Estado: IDLE (Detecções ativas: 0)
           Restarts: Cap(0), YOLO(0), Rec(0)
2026-08-26 16:07:30 [INFO] 
[Métricas] RTSP: OFF | Câmera FPS: 25.0 | RAM: 51.00 MB | CPU
           Filas -> Cap: 0/200 (Drops: 0) | YOLO: 0/5 (Drops: 0)
           Estado: IDLE (Detecções ativas: 0)
           Restarts: Cap(0), YOLO(0), Rec(0)
2026-08-26 16:07:40 [INFO] 
[Métricas] RTSP: OFF | Câmera FPS: 25.0 | RAM: 51.00 MB | CPU
           Filas -> Cap: 0/200 (Drops: 0) | YOLO: 0/5 (Drops: 0)
           Estado: IDLE (Detecções ativas: 0)
           Restarts: Cap(0), YOLO(0), Rec(0)
2026-08-26 16:07:50 [INFO] 
[Métricas] RTSP: OFF | Câmera FPS: 25.0 | RAM: 51.00 MB | CPU
           Filas -> Cap: 0/200 (Drops: 0) | YOLO: 0/5 (Drops: 0)
           Estado: IDLE (Detecções ativas: 0)
           Restarts: Cap(0), YOLO(0), Rec(0)
2026-08-26 16:08:00 [INFO] 
[Métricas] RTSP: OFF | Câmera FPS: 25.0 | RAM: 51.00 MB | CPU
           Filas -> Cap: 0/200 (Drops: 0) | YOLO: 0/5 (Drops: 0)
           Estado: IDLE (Detecções ativas: 0)
           Restarts: Cap(0), YOLO(0), Rec(0)
2026-08-26 16:08:10 [INFO] 
[Métricas] RTSP: OFF | Câmera FPS: 25.0 | RAM: 51.00 MB | CPU
           Filas -> Cap: 0/200 (Drops: 0) | YOLO: 0/5 (Drops: 0)
           Estado: IDLE (Detecções ativas: 0)
           Restarts: Cap(0), YOLO(0), Rec(0)
2026-08-26 16:08:20 [INFO] 
[Métricas] RTSP: OFF | Câmera FPS: 25.0 | RAM: 51.00 MB | CPU
           Filas -> Cap: 0/200 (Drops: 0) | YOLO: 0/5 (Drops: 0)
           Estado: IDLE (Detecções ativas: 0)
           Restarts: Cap(0), YOLO(0), Rec(0)
2026-08-26 16:08:30 [INFO] 
[Métricas] RTSP: OFF | Câmera FPS: 25.0 | RAM: 51.00 MB | CPU
           Filas -> Cap: 0/200 (Drops: 0) | YOLO: 0/5 (Drops: 0)
           Estado: IDLE (Detecções ativas: 0)
           Restarts: Cap(0), YOLO(0), Rec(0)
2026-08-26 16:08:40 [INFO] 
[Métricas] RTSP: OFF | Câmera FPS: 25.0 | RAM: 51.00 MB | CPU
           Filas -> Cap: 0/200 (Drops: 0) | YOLO: 0/5 (Drops: 0)
           Estado: IDLE (Detecções ativas: 0)
           Restarts: Cap(0), YOLO(0), Rec(0)
2026-08-26 16:08:50 [INFO] 
[Métricas] RTSP: OFF | Câmera FPS: 25.0 | RAM: 51.00 MB | CPU
           Filas -> Cap: 0/200 (Drops: 0) | YOLO: 0/5 (Drops: 0)
           Estado: IDLE (Detecções ativas: 0)
           Restarts: Cap(0), YOLO(0), Rec(0)
2026-08-26 16:09:00 [INFO] 
[Métricas] RTSP: OFF | Câmera FPS: 25.0 | RAM: 51.00 MB | CPU
           Filas -> Cap: 0/200 (Drops: 0) | YOLO: 0/5 (Drops: 0)
           Estado: IDLE (Detecções ativas: 0)
           Restarts: Cap(0), YOLO(0), Rec(0)
2026-08-26 16:09:10 [INFO] 
[Métricas] RTSP: OFF | Câmera FPS: 25.0 | RAM: 51.00 MB | CPU
           Filas -> Cap: 0/200 (Drops: 0) | YOLO: 0/5 (Drops: 0)
           Estado: IDLE (Detecções ativas: 0)
           Restarts: Cap(0), YOLO(0), Rec(0)
2026-08-26 16:09:20 [INFO] 
[Métricas] RTSP: OFF | Câmera FPS: 25.0 | RAM: 51.00 MB | CPU
           Filas -> Cap: 0/200 (Drops: 0) | YOLO: 0/5 (Drops: 0)
           Estado: IDLE (Detecções ativas: 0)
           Restarts: Cap(0), YOLO(0), Rec(0)
2026-08-26 16:09:30 [INFO] 
[Métricas] RTSP: OFF | Câmera FPS: 25.0 | RAM: 51.00 MB | CPU
           Filas -> Cap: 0/200 (Drops: 0) | YOLO: 0/5 (Drops: 0)
           Estado: IDLE (Detecções ativas: 0)
           Restarts: Cap(0), YOLO(0), Rec(0)
2026-08-26 16:09:40 [INFO] 
[Métricas] RTSP: OFF | Câmera FPS: 25.0 | RAM: 51.00 MB | CPU
           Filas -> Cap: 0/200 (Drops: 0) | YOLO: 0/5 (Drops: 0)
           Estado: IDLE (Detecções ativas: 0)
           Restarts: Cap(0), YOLO(0), Rec(0)
2026-08-26 16:09:50 [INFO] 
[Métricas] RTSP: OFF | Câmera FPS: 25.0 | RAM: 51.00 MB | CPU
           Filas -> Cap: 0/200 (Drops: 0) | YOLO: 0/5 (Drops: 0)
           Estado: IDLE (Detecções ativas: 0)
           Restarts: Cap(0), YOLO(0), Rec(0)
2026-08-26 16:10:00 [INFO] 
[Métricas] RTSP: OFF | Câmera FPS: 25.0 | RAM: 51.00 MB | CPU
           Filas -> Cap: 0/200 (Drops: 0) | YOLO: 0/5 (Drops: 0)
           Estado: IDLE (Detecções ativas: 0)
           Restarts: Cap(0), YOLO(0), Rec(0)
2026-08-26 16:10:10 [INFO] 
[Métricas] RTSP: OFF | Câmera FPS: 25.0 | RAM: 51.00 MB | CPU
           Filas -> Cap: 0/200 (Drops: 0) | YOLO: 0/5 (Drops: 0)
           Estado: IDLE (Detecções ativas: 0)
           Restarts: Cap(0), YOLO(0), Rec(0)
2026-08-26 16:10:20 [INFO] 
[Métricas] RTSP: OFF | Câmera FPS: 25.0 | RAM: 51.00 MB | CPU
           Filas -> Cap: 0/200 (Drops: 0) | YOLO: 0/5 (Drops: 0)
           Estado: IDLE (Detecções ativas: 0)
           Restarts: Cap(0), YOLO(0), Rec(0)
2026-08-26 16:10:30 [INFO] 
[Métricas] RTSP: OFF | Câmera FPS: 25.0 | RAM: 51.00 MB | CPU
           Filas -> Cap: 0/200 (Drops: 0) | YOLO: 0/5 (Drops: 0)
           Estado: IDLE (Detecções ativas: 0)
           Restarts: Cap(0), YOLO(0), Rec(0)
2026-08-26 16:10:40 [INFO] 
[Métricas] RTSP: OFF | Câmera FPS: 25.0 | RAM: 51.00 MB | CPU
           Filas -> Cap: 0/200 (Drops: 0) | YOLO: 0/5 (Drops: 0)
           Estado: IDLE (Detecções ativas: 0)
           Restarts: Cap(0), YOLO(0), Rec(0)
2026-08-26 16:10:50 [INFO] 
[Métricas] RTSP: OFF | Câmera FPS: 25.0 | RAM: 51.00 MB | CPU
           Filas -> Cap: 0/200 (Drops: 0) | YOLO: 0/5 (Drops: 0)
           Estado: IDLE (Detecções ativas: 0)
           Restarts: Cap(0), YOLO(0), Rec(0)
2026-08-26 16:11:00 [INFO] 
[Métricas] RTSP: OFF | Câmera FPS: 25.0 | RAM: 51.00 MB | CPU
           Filas -> Cap: 0/200 (Drops: 0) | YOLO: 0/5 (Drops: 0)
           Estado: IDLE (Detecções ativas: 0)
           Restarts: Cap(0), YOLO(0), Rec(0)
2026-08-26 16:11:10 [INFO] 
[Métricas] RTSP: OFF | Câmera FPS: 25.0 | RAM: 51.00 MB | CPU
           Filas -> Cap: 0/200 (Drops: 0) | YOLO: 0/5 (Drops: 0)
           Estado: IDLE (Detecções ativas: 0)
           Restarts: Cap(0), YOLO(0), Rec(0)
2026-08-26 16:11:20 [INFO] 
[Métricas] RTSP: OFF | Câmera FPS: 25.0 | RAM: 51.00 MB | CPU
           Filas -> Cap: 0/200 (Drops: 0) | YOLO: 0/5 (Drops: 0)
           Estado: IDLE (Detecções ativas: 0)
           Restarts: Cap(0), YOLO(0), Rec(0)
2026-08-26 16:11:30 [INFO] 
[Métricas] RTSP: OFF | Câmera FPS: 25.0 | RAM: 51.00 MB | CPU
           Filas -> Cap: 0/200 (Drops: 0) | YOLO: 0/5 (Drops: 0)
           Estado: IDLE (Detecções ativas: 0)
           Restarts: Cap(0), YOLO(0), Rec(0)
2026-08-26 16:11:40 [INFO] 
[Métricas] RTSP: OFF | Câmera FPS: 25.0 | RAM: 51.00 MB | CPU
           Filas -> Cap: 0/200 (Drops: 0) | YOLO: 0/5 (Drops: 0)
           Estado: IDLE (Detecções ativas: 0)
           Restarts: Cap(0), YOLO(0), Rec(0)
2026-08-26 16:11:50 [INFO] 
[Métricas] RTSP: OFF | Câmera FPS: 25.0 | RAM: 51.00 MB | CPU
           Filas -> Cap: 0/200 (Drops: 0) | YOLO: 0/5 (Drops: 0)
           Estado: IDLE (Detecções ativas: 0)
           Restarts: Cap(0), YOLO(0), Rec(0)
2026-08-26 16:12:00 [INFO] 
[Métricas] RTSP: OFF | Câmera FPS: 25.0 | RAM: 51.00 MB | CPU
           Filas -> Cap: 0/200 (Drops: 0) | YOLO: 0/5 (Drops: 0)
           Estado: IDLE (Detecções ativas: 0)
           Restarts: Cap(0), YOLO(0), Rec(0)
2026-08-26 16:12:10 [INFO] 
[Métricas] RTSP: OFF | Câmera FPS: 25.0 | RAM: 51.00 MB | CPU
           Filas -> Cap: 0/200 (Drops: 0) | YOLO: 0/5 (Drops: 0)
           Estado: IDLE (Detecções ativas: 0)
           Restarts: Cap(0), YOLO(0), Rec(0)
2026-08-26 16:12:20 [INFO] 
[Métricas] RTSP: OFF | Câmera FPS: 25.0 | RAM: 51.00 MB | CPU
           Filas -> Cap: 0/200 (Drops: 0) | YOLO: 0/5 (Drops: 0)
           Estado: IDLE (Detecções ativas: 0)
           Restarts: Cap(0), YOLO(0), Rec(0)
2026-08-26 16:12:30 [INFO] 
[Métricas] RTSP: OFF | Câmera FPS: 25.0 | RAM: 51.00 MB | CPU
           Filas -> Cap: 0/200 (Drops: 0) | YOLO: 0/5 (Drops: 0)
           Estado: IDLE (Detecções ativas: 0)
           Restarts: Cap(0), YOLO(0), Rec(0)
2026-08-26 16:12:40 [INFO] 
[Métricas] RTSP: OFF | Câmera FPS: 25.0 | RAM: 51.00 MB | CPU
           Filas -> Cap: 0/200 (Drops: 0) | YOLO: 0/5 (Drops: 0)
           Estado: IDLE (Detecções ativas: 0)
           Restarts: Cap(0), YOLO(0), Rec(0)
2026-08-26 16:12:50 [INFO] 
[Métricas] RTSP: OFF | Câmera FPS: 25.0 | RAM: 51.00 MB | CPU
           Filas -> Cap: 0/200 (Drops: 0) | YOLO: 0/5 (Drops: 0)
           Estado: IDLE (Detecções ativas: 0)
           Restarts: Cap(0), YOLO(0), Rec(0)
2026-08-26 16:13:00 [INFO] 
[Métricas] RTSP: OFF | Câmera FPS: 25.0 | RAM: 51.00 MB | CPU
           Filas -> Cap: 0/200 (Drops: 0) | YOLO: 0/5 (Drops: 0)
           Estado: IDLE (Detecções ativas: 0)
           Restarts: Cap(0), YOLO(0), Rec(0)
2026-08-26 16:13:10 [INFO] 
[Métricas] RTSP: OFF | Câmera FPS: 25.0 | RAM: 51.00 MB | CPU
           Filas -> Cap: 0/200 (Drops: 0) | YOLO: 0/5 (Drops: 0)
           Estado: IDLE (Detecções ativas: 0)
           Restarts: Cap(0), YOLO(0), Rec(0)
2026-08-26 16:13:20 [INFO] 
[Métricas] RTSP: OFF | Câmera FPS: 25.0 | RAM: 51.00 MB | CPU
           Filas -> Cap: 0/200 (Drops: 0) | YOLO: 0/5 (Drops: 0)
           Estado: IDLE (Detecções ativas: 0)
           Restarts: Cap(0), YOLO(0), Rec(0)
2026-08-26 16:13:30 [INFO] 
[Métricas] RTSP: OFF | Câmera FPS: 25.0 | RAM: 51.00 MB | CPU
           Filas -> Cap: 0/200 (Drops: 0) | YOLO: 0/5 (Drops: 0)
           Estado: IDLE (Detecções ativas: 0)
           Restarts: Cap(0), YOLO(0), Rec(0)
2026-08-26 16:13:40 [INFO] 
[Métricas] RTSP: OFF | Câmera FPS: 25.0 | RAM: 51.00 MB | CPU
           Filas -> Cap: 0/200 (Drops: 0) | YOLO: 0/5 (Drops: 0)
           Estado: IDLE (Detecções ativas: 0)
           Restarts: Cap(0), YOLO(0), Rec(0)
2026-08-26 16:13:50 [INFO] 
[Métricas] RTSP: OFF | Câmera FPS: 25.0 | RAM: 51.00 MB | CPU
           Filas -> Cap: 0/200 (Drops: 0) | YOLO: 0/5 (Drops: 0)
           Estado: IDLE (Detecções ativas: 0)
           Restarts: Cap(0), YOLO(0), Rec(0)
2026-08-26 16:14:00 [INFO] 
[Métricas] RTSP: OFF | Câmera FPS: 25.0 | RAM: 51.00 MB | CPU
           Filas -> Cap: 0/200 (Drops: 0) | YOLO: 0/5 (Drops: 0)
           Estado: IDLE (Detecções ativas: 0)
           Restarts: Cap(0), YOLO(0), Rec(0)
2026-08-26 16:14:10 [INFO] 
[Métricas] RTSP: OFF | Câmera FPS: 25.0 | RAM: 51.00 MB | CPU
           Filas -> Cap: 0/200 (Drops: 0) | YOLO: 0/5 (Drops: 0)
           Estado: IDLE (Detecções ativas: 0)
           Restarts: Cap(0), YOLO(0), Rec(0)
2026-08-26 16:14:20 [INFO] 
[Métricas] RTSP: OFF | Câmera FPS: 25.0 | RAM: 51.00 MB | CPU
           Filas -> Cap: 0/200 (Drops: 0) | YOLO: 0/5 (Drops: 0)
           Estado: IDLE (Detecções ativas: 0)
           Restarts: Cap(0), YOLO(0), Rec(0)
2026-08-26 16:14:30 [INFO] 
[Métricas] RTSP: OFF | Câmera FPS: 25.0 | RAM: 51.00 MB | CPU
           Filas -> Cap: 0/200 (Drops: 0) | YOLO: 0/5 (Drops: 0)
           Estado: IDLE (Detecções ativas: 0)
           Restarts: Cap(0), YOLO(0), Rec(0)
2026-08-26 16:14:40 [INFO] 
[Métricas] RTSP: OFF | Câmera FPS: 25.0 | RAM: 51.00 MB | CPU
           Filas -> Cap: 0/200 (Drops: 0) | YOLO: 0/5 (Drops: 0)
           Estado: IDLE (Detecções ativas: 0)
           Restarts: Cap(0), YOLO(0), Rec(0)
2026-08-26 16:14:50 [INFO] 
[Métricas] RTSP: OFF | Câmera FPS: 25.0 | RAM: 51.00 MB | CPU
           Filas -> Cap: 0/200 (Drops: 0) | YOLO: 0/5 (Drops: 0)
           Estado: IDLE (Detecções ativas: 0)
           Restarts: Cap(0), YOLO(0), Rec(0)
2026-08-26 16:15:00 [INFO] 
[Métricas] RTSP: OFF | Câmera FPS: 25.0 | RAM: 51.00 MB | CPU
           Filas -> Cap: 0/200 (Drops: 0) | YOLO: 0/5 (Drops: 0)
           Estado: IDLE (Detecções ativas: 0)
           Restarts: Cap(0), YOLO(0), Rec(0)
2026-08-26 16:15:10 [INFO] 
[Métricas] RTSP: OFF | Câmera FPS: 25.0 | RAM: 51.00 MB | CPU
           Filas -> Cap: 0/200 (Drops: 0) | YOLO: 0/5 (Drops: 0)
           Estado: IDLE (Detecções ativas: 0)
           Restarts: Cap(0), YOLO(0), Rec(0)
2026-08-26 16:15:20 [INFO] 
[Métricas] RTSP: OFF | Câmera FPS: 25.0 | RAM: 51.00 MB | CPU
           Filas -> Cap: 0/200 (Drops: 0) | YOLO: 0/5 (Drops: 0)
           Estado: IDLE (Detecções ativas: 0)
           Restarts: Cap(0), YOLO(0), Rec(0)
2026-08-26 16:15:30 [INFO] 
[Métricas] RTSP: OFF | Câmera FPS: 25.0 | RAM: 51.00 MB | CPU
           Filas -> Cap: 0/200 (Drops: 0) | YOLO: 0/5 (Drops: 0)
           Estado: IDLE (Detecções ativas: 0)
           Restarts: Cap(0), YOLO(0), Rec(0)
2026-08-26 16:15:40 [INFO] 
[Métricas] RTSP: OFF | Câmera FPS: 25.0 | RAM: 51.00 MB | CPU
           Filas -> Cap: 0/200 (Drops: 0) | YOLO: 0/5 (Drops: 0)
           Estado: IDLE (Detecções ativas: 0)
           Restarts: Cap(0), YOLO(0), Rec(0)
2026-08-26 16:15:50 [INFO] 
[Métricas] RTSP: OFF | Câmera FPS: 25.0 | RAM: 51.00 MB | CPU
           Filas -> Cap: 0/200 (Drops: 0) | YOLO: 0/5 (Drops: 0)
           Estado: IDLE (Detecções ativas: 0)
           Restarts: Cap(0), YOLO(0), Rec(0)
2026-08-26 16:16:00 [INFO] 
[Métricas] RTSP: OFF | Câmera FPS: 25.0 | RAM: 51.00 MB | CPU
           Filas -> Cap: 0/200 (Drops: 0) | YOLO: 0/5 (Drops: 0)
           Estado: IDLE (Detecções ativas: 0)
           Restarts: Cap(0), YOLO(0), Rec(0)
2026-08-26 16:16:10 [INFO] 
[Métricas] RTSP: OFF | Câmera FPS: 25.0 | RAM: 51.00 MB | CPU
           Filas -> Cap: 0/200 (Drops: 0) | YOLO: 0/5 (Drops: 0)
           Estado: IDLE (Detecções ativas: 0)
           Restarts: Cap(0), YOLO(0), Rec(0)
2026-08-26 16:16:20 [INFO] 
[Métricas] RTSP: OFF | Câmera FPS: 25.0 | RAM: 51.00 MB | CPU
           Filas -> Cap: 0/200 (Drops: 0) | YOLO: 0/5 (Drops: 0)
           Estado: IDLE (Detecções ativas: 0)
           Restarts: Cap(0), YOLO(0), Rec(0)
2026-08-26 16:16:31 [INFO] 
[Métricas] RTSP: OFF | Câmera FPS: 25.0 | RAM: 51.00 MB | CPU
           Filas -> Cap: 0/200 (Drops: 0) | YOLO: 0/5 (Drops: 0)
           Estado: IDLE (Detecções ativas: 0)
           Restarts: Cap(0), YOLO(0), Rec(0)
2026-08-26 16:16:41 [INFO] 
[Métricas] RTSP: OFF | Câmera FPS: 25.0 | RAM: 51.00 MB | CPU
           Filas -> Cap: 0/200 (Drops: 0) | YOLO: 0/5 (Drops: 0)
           Estado: IDLE (Detecções ativas: 0)
           Restarts: Cap(0), YOLO(0), Rec(0)
2026-08-26 16:16:51 [INFO] 
[Métricas] RTSP: OFF | Câmera FPS: 25.0 | RAM: 51.00 MB | CPU
           Filas -> Cap: 0/200 (Drops: 0) | YOLO: 0/5 (Drops: 0)
           Estado: IDLE (Detecções ativas: 0)
           Restarts: Cap(0), YOLO(0), Rec(0)
2026-08-26 16:17:01 [INFO] 
[Métricas] RTSP: OFF | Câmera FPS: 25.0 | RAM: 51.00 MB | CPU
           Filas -> Cap: 0/200 (Drops: 0) | YOLO: 0/5 (Drops: 0)
           Estado: IDLE (Detecções ativas: 0)
           Restarts: Cap(0), YOLO(0), Rec(0)
2026-08-26 16:17:11 [INFO] 
[Métricas] RTSP: OFF | Câmera FPS: 25.0 | RAM: 51.00 MB | CPU
           Filas -> Cap: 0/200 (Drops: 0) | YOLO: 0/5 (Drops: 0)
           Estado: IDLE (Detecções ativas: 0)
           Restarts: Cap(0), YOLO(0), Rec(0)
2026-08-26 16:17:21 [INFO] 
[Métricas] RTSP: OFF | Câmera FPS: 25.0 | RAM: 51.00 MB | CPU
           Filas -> Cap: 0/200 (Drops: 0) | YOLO: 0/5 (Drops: 0)
           Estado: IDLE (Detecções ativas: 0)
           Restarts: Cap(0), YOLO(0), Rec(0)
2026-08-26 16:17:31 [INFO] 
[Métricas] RTSP: OFF | Câmera FPS: 25.0 | RAM: 51.00 MB | CPU
           Filas -> Cap: 0/200 (Drops: 0) | YOLO: 0/5 (Drops: 0)
           Estado: IDLE (Detecções ativas: 0)
           Restarts: Cap(0), YOLO(0), Rec(0)
2026-08-26 16:17:41 [INFO] 
[Métricas] RTSP: OFF | Câmera FPS: 25.0 | RAM: 51.00 MB | CPU
           Filas -> Cap: 0/200 (Drops: 0) | YOLO: 0/5 (Drops: 0)
           Estado: IDLE (Detecções ativas: 0)
           Restarts: Cap(0), YOLO(0), Rec(0)
2026-08-26 16:17:51 [INFO] 
[Métricas] RTSP: OFF | Câmera FPS: 25.0 | RAM: 51.00 MB | CPU
           Filas -> Cap: 0/200 (Drops: 0) | YOLO: 0/5 (Drops: 0)
           Estado: IDLE (Detecções ativas: 0)
           Restarts: Cap(0), YOLO(0), Rec(0)
2026-08-26 16:18:01 [INFO] 
[Métricas] RTSP: OFF | Câmera FPS: 25.0 | RAM: 51.00 MB | CPU
           Filas -> Cap: 0/200 (Drops: 0) | YOLO: 0/5 (Drops: 0)
           Estado: IDLE (Detecções ativas: 0)
           Restarts: Cap(0), YOLO(0), Rec(0)
2026-08-26 16:18:11 [INFO] 
[Métricas] RTSP: OFF | Câmera FPS: 25.0 | RAM: 51.00 MB | CPU
           Filas -> Cap: 0/200 (Drops: 0) | YOLO: 0/5 (Drops: 0)
           Estado: IDLE (Detecções ativas: 0)
           Restarts: Cap(0), YOLO(0), Rec(0)
2026-08-26 16:18:21 [INFO] 
[Métricas] RTSP: OFF | Câmera FPS: 25.0 | RAM: 51.00 MB | CPU
           Filas -> Cap: 0/200 (Drops: 0) | YOLO: 0/5 (Drops: 0)
           Estado: IDLE (Detecções ativas: 0)
           Restarts: Cap(0), YOLO(0), Rec(0)
2026-08-26 16:18:31 [INFO] 
[Métricas] RTSP: OFF | Câmera FPS: 25.0 | RAM: 51.00 MB | CPU
           Filas -> Cap: 0/200 (Drops: 0) | YOLO: 0/5 (Drops: 0)
           Estado: IDLE (Detecções ativas: 0)
           Restarts: Cap(0), YOLO(0), Rec(0)
2026-08-26 16:18:41 [INFO] 
[Métricas] RTSP: OFF | Câmera FPS: 25.0 | RAM: 51.00 MB | CPU
           Filas -> Cap: 0/200 (Drops: 0) | YOLO: 0/5 (Drops: 0)
           Estado: IDLE (Detecções ativas: 0)
           Restarts: Cap(0), YOLO(0), Rec(0)
2026-08-26 16:18:51 [INFO] 
[Métricas] RTSP: OFF | Câmera FPS: 25.0 | RAM: 51.00 MB | CPU
           Filas -> Cap: 0/200 (Drops: 0) | YOLO: 0/5 (Drops: 0)
           Estado: IDLE (Detecções ativas: 0)
           Restarts: Cap(0), YOLO(0), Rec(0)
2026-08-26 16:19:01 [INFO] 
[Métricas] RTSP: OFF | Câmera FPS: 25.0 | RAM: 51.00 MB | CPU
           Filas -> Cap: 0/200 (Drops: 0) | YOLO: 0/5 (Drops: 0)
           Estado: IDLE (Detecções ativas: 0)
           Restarts: Cap(0), YOLO(0), Rec(0)
2026-08-26 16:19:11 [INFO] 
[Métricas] RTSP: OFF | Câmera FPS: 25.0 | RAM: 51.00 MB | CPU
           Filas -> Cap: 0/200 (Drops: 0) | YOLO: 0/5 (Drops: 0)
           Estado: IDLE (Detecções ativas: 0)
           Restarts: Cap(0), YOLO(0), Rec(0)
2026-08-26 16:19:21 [INFO] 
[Métricas] RTSP: OFF | Câmera FPS: 25.0 | RAM: 51.00 MB | CPU
           Filas -> Cap: 0/200 (Drops: 0) | YOLO: 0/5 (Drops: 0)
           Estado: IDLE (Detecções ativas: 0)
           Restarts: Cap(0), YOLO(0), Rec(0)
2026-08-26 16:19:31 [INFO] 
[Métricas] RTSP: OFF | Câmera FPS: 25.0 | RAM: 51.00 MB | CPU
           Filas -> Cap: 0/200 (Drops: 0) | YOLO: 0/5 (Drops: 0)
           Estado: IDLE (Detecções ativas: 0)
           Restarts: Cap(0), YOLO(0), Rec(0)
2026-08-26 16:19:41 [INFO] 
[Métricas] RTSP: OFF | Câmera FPS: 25.0 | RAM: 51.00 MB | CPU
           Filas -> Cap: 0/200 (Drops: 0) | YOLO: 0/5 (Drops: 0)
           Estado: IDLE (Detecções ativas: 0)
           Restarts: Cap(0), YOLO(0), Rec(0)
2026-08-26 16:19:51 [INFO] 
[Métricas] RTSP: OFF | Câmera FPS: 25.0 | RAM: 51.00 MB | CPU
           Filas -> Cap: 0/200 (Drops: 0) | YOLO: 0/5 (Drops: 0)
           Estado: IDLE (Detecções ativas: 0)
           Restarts: Cap(0), YOLO(0), Rec(0)
2026-08-26 16:20:01 [INFO] 
[Métricas] RTSP: OFF | Câmera FPS: 25.0 | RAM: 51.00 MB | CPU
           Filas -> Cap: 0/200 (Drops: 0) | YOLO: 0/5 (Drops: 0)
           Estado: IDLE (Detecções ativas: 0)
           Restarts: Cap(0), YOLO(0), Rec(0)
2026-08-26 16:20:11 [INFO] 
[Métricas] RTSP: OFF | Câmera FPS: 25.0 | RAM: 51.00 MB | CPU
           Filas -> Cap: 0/200 (Drops: 0) | YOLO: 0/5 (Drops: 0)
           Estado: IDLE (Detecções ativas: 0)
           Restarts: Cap(0), YOLO(0), Rec(0)
2026-08-26 16:20:21 [INFO] 
[Métricas] RTSP: OFF | Câmera FPS: 25.0 | RAM: 51.00 MB | CPU
           Filas -> Cap: 0/200 (Drops: 0) | YOLO: 0/5 (Drops: 0)
           Estado: IDLE (Detecções ativas: 0)
           Restarts: Cap(0), YOLO(0), Rec(0)
2026-08-26 16:20:31 [INFO] 
[Métricas] RTSP: OFF | Câmera FPS: 25.0 | RAM: 51.00 MB | CPU
           Filas -> Cap: 0/200 (Drops: 0) | YOLO: 0/5 (Drops: 0)
           Estado: IDLE (Detecções ativas: 0)
           Restarts: Cap(0), YOLO(0), Rec(0)
2026-08-26 16:20:41 [INFO] 
[Métricas] RTSP: OFF | Câmera FPS: 25.0 | RAM: 50.99 MB | CPU
           Filas -> Cap: 0/200 (Drops: 0) | YOLO: 0/5 (Drops: 0)
           Estado: IDLE (Detecções ativas: 0)
           Restarts: Cap(0), YOLO(0), Rec(0)
2026-08-26 16:20:51 [INFO] 
[Métricas] RTSP: OFF | Câmera FPS: 25.0 | RAM: 50.99 MB | CPU
           Filas -> Cap: 0/200 (Drops: 0) | YOLO: 0/5 (Drops: 0)
           Estado: IDLE (Detecções ativas: 0)
           Restarts: Cap(0), YOLO(0), Rec(0)
2026-08-26 16:21:01 [INFO] 
[Métricas] RTSP: OFF | Câmera FPS: 25.0 | RAM: 50.99 MB | CPU
           Filas -> Cap: 0/200 (Drops: 0) | YOLO: 0/5 (Drops: 0)
           Estado: IDLE (Detecções ativas: 0)
           Restarts: Cap(0), YOLO(0), Rec(0)
2026-08-26 16:21:11 [INFO] 
[Métricas] RTSP: OFF | Câmera FPS: 25.0 | RAM: 50.99 MB | CPU
           Filas -> Cap: 0/200 (Drops: 0) | YOLO: 0/5 (Drops: 0)
           Estado: IDLE (Detecções ativas: 0)
           Restarts: Cap(0), YOLO(0), Rec(0)
2026-08-26 16:21:21 [INFO] 
[Métricas] RTSP: OFF | Câmera FPS: 25.0 | RAM: 50.99 MB | CPU
           Filas -> Cap: 0/200 (Drops: 0) | YOLO: 0/5 (Drops: 0)
           Estado: IDLE (Detecções ativas: 0)
           Restarts: Cap(0), YOLO(0), Rec(0)
2026-08-26 16:21:31 [INFO] 
[Métricas] RTSP: OFF | Câmera FPS: 25.0 | RAM: 50.99 MB | CPU
           Filas -> Cap: 0/200 (Drops: 0) | YOLO: 0/5 (Drops: 0)
           Estado: IDLE (Detecções ativas: 0)
           Restarts: Cap(0), YOLO(0), Rec(0)
2026-08-26 16:21:41 [INFO] 
[Métricas] RTSP: OFF | Câmera FPS: 25.0 | RAM: 50.99 MB | CPU
           Filas -> Cap: 0/200 (Drops: 0) | YOLO: 0/5 (Drops: 0)
           Estado: IDLE (Detecções ativas: 0)
           Restarts: Cap(0), YOLO(0), Rec(0)
2026-08-26 16:21:51 [INFO] 
[Métricas] RTSP: OFF | Câmera FPS: 25.0 | RAM: 50.99 MB | CPU
           Filas -> Cap: 0/200 (Drops: 0) | YOLO: 0/5 (Drops: 0)
           Estado: IDLE (Detecções ativas: 0)
           Restarts: Cap(0), YOLO(0), Rec(0)
2026-08-26 16:22:01 [INFO] 
[Métricas] RTSP: OFF | Câmera FPS: 25.0 | RAM: 50.99 MB | CPU
           Filas -> Cap: 0/200 (Drops: 0) | YOLO: 0/5 (Drops: 0)
           Estado: IDLE (Detecções ativas: 0)
           Restarts: Cap(0), YOLO(0), Rec(0)
2026-08-26 16:22:11 [INFO] 
[Métricas] RTSP: OFF | Câmera FPS: 25.0 | RAM: 50.99 MB | CPU
           Filas -> Cap: 0/200 (Drops: 0) | YOLO: 0/5 (Drops: 0)
           Estado: IDLE (Detecções ativas: 0)
           Restarts: Cap(0), YOLO(0), Rec(0)
2026-08-26 16:22:21 [INFO] 
[Métricas] RTSP: OFF | Câmera FPS: 25.0 | RAM: 50.99 MB | CPU
           Filas -> Cap: 0/200 (Drops: 0) | YOLO: 0/5 (Drops: 0)
           Estado: IDLE (Detecções ativas: 0)
           Restarts: Cap(0), YOLO(0), Rec(0)
2026-08-26 16:22:31 [INFO] 
[Métricas] RTSP: OFF | Câmera FPS: 25.0 | RAM: 50.99 MB | CPU
           Filas -> Cap: 0/200 (Drops: 0) | YOLO: 0/5 (Drops: 0)
           Estado: IDLE (Detecções ativas: 0)
           Restarts: Cap(0), YOLO(0), Rec(0)
